{"_timestamp":1.7323173799741912e+09,"test_precision":0.4287168180760318,"train_loss":2.0959668440423953,"validation_loss":2.030335344870885,"run_id":"bf5qmd5f","val_f1":0.2616644390415988,"test_acc":0.3541666666666667,"validation_acc":0.2941666666666667,"_wandb":{"runtime":185},"epoch":9,"test_recall":0.35416666666666663,"val_confusion_matrix":{"values":[38,6,10,13,9,2,5,1,1,5,0,1,0,1,0,2,2,0,0,1,1,0,1,0,0,0,0,0,0,0,0,1],"bins":[0,2.9375,5.875,8.8125,11.75,14.6875,17.625,20.5625,23.5,26.4375,29.375,32.3125,35.25,38.1875,41.125,44.0625,47,49.9375,52.875,55.8125,58.75,61.6875,64.625,67.5625,70.5,73.4375,76.375,79.3125,82.25,85.1875,88.125,91.0625,94],"_type":"histogram"},"test_confusion_matrix":{"_type":"histogram","values":[48,6,2,10,3,7,6,3,2,1,0,2,0,1,1,2,1,2,0,1,0,0,0,0,0,0,0,0,0,1,0,1],"bins":[0,2.9375,5.875,8.8125,11.75,14.6875,17.625,20.5625,23.5,26.4375,29.375,32.3125,35.25,38.1875,41.125,44.0625,47,49.9375,52.875,55.8125,58.75,61.6875,64.625,67.5625,70.5,73.4375,76.375,79.3125,82.25,85.1875,88.125,91.0625,94]},"val_recall":0.29416666666666663,"val_precision":0.3559569205823621,"_step":9,"_runtime":184.988971762,"train_acc":0.23,"test_f1":0.31376588656335325}