{"val_f1":0.7344784667940185,"test_precision":0.7951991860857935,"test_acc":0.7441666666666666,"train_loss":0.9051588029621508,"run_id":"p1ffpbmq","test_confusion_matrix":{"values":[67,5,9,4,0,2,1,1,0,0,0,1,0,0,0,0,0,0,0,1,0,1,3,0,0,1,0,1,1,0,1,1],"bins":[0,3.53125,7.0625,10.59375,14.125,17.65625,21.1875,24.71875,28.25,31.78125,35.3125,38.84375,42.375,45.90625,49.4375,52.96875,56.5,60.03125,63.5625,67.09375,70.625,74.15625,77.6875,81.21875,84.75,88.28125,91.8125,95.34375,98.875,102.40625,105.9375,109.46875,113],"_type":"histogram"},"validation_acc":0.7358333333333333,"_runtime":201.569406692,"_timestamp":1.732313166580669e+09,"val_confusion_matrix":{"bins":[0,3.75,7.5,11.25,15,18.75,22.5,26.25,30,33.75,37.5,41.25,45,48.75,52.5,56.25,60,63.75,67.5,71.25,75,78.75,82.5,86.25,90,93.75,97.5,101.25,105,108.75,112.5,116.25,120],"_type":"histogram","values":[61,9,11,5,1,0,2,1,0,0,0,0,0,0,0,1,0,0,0,1,0,3,1,0,0,0,2,1,0,0,0,1]},"test_f1":0.7528225357799567,"_step":9,"epoch":9,"test_recall":0.7441666666666668,"validation_loss":0.7407655190843798,"train_acc":0.6968,"val_precision":0.7652258535758273,"_wandb":{"runtime":201},"val_recall":0.7358333333333333}