{"val_confusion_matrix":{"_type":"histogram","values":[58,7,14,2,4,3,2,0,0,0,0,0,1,0,0,0,1,0,0,0,0,1,0,1,1,1,0,1,1,0,1,1],"bins":[0,3.46875,6.9375,10.40625,13.875,17.34375,20.8125,24.28125,27.75,31.21875,34.6875,38.15625,41.625,45.09375,48.5625,52.03125,55.5,58.96875,62.4375,65.90625,69.375,72.84375,76.3125,79.78125,83.25,86.71875,90.1875,93.65625,97.125,100.59375,104.0625,107.53125,111]},"validation_acc":0.7,"_step":9,"test_recall":0.7366666666666666,"test_confusion_matrix":{"values":[64,7,13,0,0,4,2,0,0,0,0,0,0,0,0,0,0,0,1,0,3,0,1,1,0,0,3,0,0,0,0,1],"bins":[0,3.71875,7.4375,11.15625,14.875,18.59375,22.3125,26.03125,29.75,33.46875,37.1875,40.90625,44.625,48.34375,52.0625,55.78125,59.5,63.21875,66.9375,70.65625,74.375,78.09375,81.8125,85.53125,89.25,92.96875,96.6875,100.40625,104.125,107.84375,111.5625,115.28125,119],"_type":"histogram"},"train_loss":0.9325232862666913,"test_acc":0.7366666666666667,"_runtime":175.638210935,"train_acc":0.7022,"validation_loss":0.9402602366449961,"_timestamp":1.7323407779766934e+09,"test_f1":0.7362922203392402,"val_f1":0.6943712803586464,"test_precision":0.7591345001034548,"run_id":"lnuh67v6","epoch":9,"_wandb":{"runtime":175},"val_recall":0.7,"val_precision":0.7381127265478191}