{"_step":9,"val_confusion_matrix":{"bins":[0,2.5625,5.125,7.6875,10.25,12.8125,15.375,17.9375,20.5,23.0625,25.625,28.1875,30.75,33.3125,35.875,38.4375,41,43.5625,46.125,48.6875,51.25,53.8125,56.375,58.9375,61.5,64.0625,66.625,69.1875,71.75,74.3125,76.875,79.4375,82],"_type":"histogram","values":[44,7,3,11,5,4,1,3,4,0,1,4,1,1,2,3,1,0,0,1,0,0,1,1,1,0,0,0,0,0,0,1]},"test_recall":0.2658333333333333,"_wandb":{"runtime":196},"epoch":9,"validation_loss":2.1173147466778754,"train_loss":2.104956578141965,"train_acc":0.219,"val_precision":0.29154814391854533,"_runtime":195.981681457,"_timestamp":1.732320010526641e+09,"test_f1":0.23346575591166435,"test_confusion_matrix":{"bins":[0,2.5625,5.125,7.6875,10.25,12.8125,15.375,17.9375,20.5,23.0625,25.625,28.1875,30.75,33.3125,35.875,38.4375,41,43.5625,46.125,48.6875,51.25,53.8125,56.375,58.9375,61.5,64.0625,66.625,69.1875,71.75,74.3125,76.875,79.4375,82],"_type":"histogram","values":[46,4,2,9,4,6,1,6,6,1,2,3,2,0,0,1,2,0,1,0,0,0,1,0,0,0,1,0,0,1,0,1]},"validation_acc":0.26,"test_precision":0.35130817549873095,"run_id":"zl8kds3f","test_acc":0.2658333333333333,"val_recall":0.26,"val_f1":0.23097885230620477}