{"_timestamp":1.732318187212296e+09,"_step":9,"run_id":"o9kbs5za","_runtime":196.592218287,"val_confusion_matrix":{"bins":[0,2.5,5,7.5,10,12.5,15,17.5,20,22.5,25,27.5,30,32.5,35,37.5,40,42.5,45,47.5,50,52.5,55,57.5,60,62.5,65,67.5,70,72.5,75,77.5,80],"_type":"histogram","values":[34,8,6,4,14,3,2,3,9,3,3,2,1,0,2,1,0,1,1,0,2,0,0,0,0,0,0,0,0,0,0,1]},"test_acc":0.335,"test_precision":0.3465524730492029,"test_confusion_matrix":{"bins":[0,2.34375,4.6875,7.03125,9.375,11.71875,14.0625,16.40625,18.75,21.09375,23.4375,25.78125,28.125,30.46875,32.8125,35.15625,37.5,39.84375,42.1875,44.53125,46.875,49.21875,51.5625,53.90625,56.25,58.59375,60.9375,63.28125,65.625,67.96875,70.3125,72.65625,75],"_type":"histogram","values":[31,7,14,5,12,5,2,3,3,1,3,0,2,0,4,2,0,0,1,1,1,0,1,0,0,0,0,0,0,0,1,1]},"train_acc":0.2886,"validation_loss":1.863395503635208,"test_f1":0.3237837832902501,"train_loss":1.960291784030561,"test_recall":0.335,"epoch":9,"val_precision":0.29753677943475065,"val_f1":0.27827853255008084,"_wandb":{"runtime":196},"val_recall":0.30166666666666664,"validation_acc":0.3016666666666667}