{"test_acc":0.705,"test_confusion_matrix":{"_type":"histogram","values":[60,9,9,4,0,5,3,0,0,0,0,0,0,0,0,0,0,1,0,0,0,0,0,2,2,1,2,0,0,1,0,1],"bins":[0,3.34375,6.6875,10.03125,13.375,16.71875,20.0625,23.40625,26.75,30.09375,33.4375,36.78125,40.125,43.46875,46.8125,50.15625,53.5,56.84375,60.1875,63.53125,66.875,70.21875,73.5625,76.90625,80.25,83.59375,86.9375,90.28125,93.625,96.96875,100.3125,103.65625,107]},"test_recall":0.705,"_wandb":{"runtime":217},"validation_acc":0.6625,"_step":9,"test_precision":0.7264682405113494,"val_precision":0.694219878072296,"_timestamp":1.7323088090701568e+09,"val_recall":0.6625,"epoch":9,"validation_loss":0.9216575668085595,"val_f1":0.658086458891591,"train_loss":1.3192269729614259,"run_id":"vcacayxt","test_f1":0.7050420999503437,"train_acc":0.5598,"val_confusion_matrix":{"bins":[0,3.71875,7.4375,11.15625,14.875,18.59375,22.3125,26.03125,29.75,33.46875,37.1875,40.90625,44.625,48.34375,52.0625,55.78125,59.5,63.21875,66.9375,70.65625,74.375,78.09375,81.8125,85.53125,89.25,92.96875,96.6875,100.40625,104.125,107.84375,111.5625,115.28125,119],"_type":"histogram","values":[60,7,10,4,4,1,2,0,1,1,0,1,0,0,0,0,1,0,2,0,1,1,0,1,0,1,0,0,1,0,0,1]},"_runtime":217.803773282}