{"run_id":"pu4qkpsy","test_recall":0.19583333333333333,"_wandb":{"runtime":194},"epoch":9,"test_f1":0.1599599399013918,"test_precision":0.20112654745577663,"_timestamp":1.7323350766471376e+09,"val_precision":0.1888612370095746,"validation_loss":2.201633435189724,"test_confusion_matrix":{"_type":"histogram","values":[48,7,5,7,3,3,1,3,2,5,2,1,1,1,2,1,2,1,2,0,0,0,0,0,1,1,0,0,0,0,0,1],"bins":[0,2.6875,5.375,8.0625,10.75,13.4375,16.125,18.8125,21.5,24.1875,26.875,29.5625,32.25,34.9375,37.625,40.3125,43,45.6875,48.375,51.0625,53.75,56.4375,59.125,61.8125,64.5,67.1875,69.875,72.5625,75.25,77.9375,80.625,83.3125,86]},"validation_acc":0.235,"val_confusion_matrix":{"bins":[0,2.90625,5.8125,8.71875,11.625,14.53125,17.4375,20.34375,23.25,26.15625,29.0625,31.96875,34.875,37.78125,40.6875,43.59375,46.5,49.40625,52.3125,55.21875,58.125,61.03125,63.9375,66.84375,69.75,72.65625,75.5625,78.46875,81.375,84.28125,87.1875,90.09375,93],"_type":"histogram","values":[53,2,3,10,4,4,3,1,1,1,3,0,2,4,4,0,0,2,0,1,0,0,0,1,0,0,0,0,0,0,0,1]},"val_recall":0.23500000000000001,"_runtime":194.281851126,"train_acc":0.161,"_step":9,"val_f1":0.17094438467685424,"train_loss":2.244342453765869,"test_acc":0.19583333333333333}