{"validation_acc":0.76,"_timestamp":1.7323187972728558e+09,"_runtime":190.946764546,"test_confusion_matrix":{"bins":[0,3.6875,7.375,11.0625,14.75,18.4375,22.125,25.8125,29.5,33.1875,36.875,40.5625,44.25,47.9375,51.625,55.3125,59,62.6875,66.375,70.0625,73.75,77.4375,81.125,84.8125,88.5,92.1875,95.875,99.5625,103.25,106.9375,110.625,114.3125,118],"_type":"histogram","values":[69,10,5,2,1,2,0,1,0,0,0,0,0,0,0,0,0,0,1,0,0,2,0,0,0,0,0,3,1,1,0,2]},"_step":9,"run_id":"mdqfm5tr","val_precision":0.7765678253068486,"train_loss":0.7896270036317741,"val_confusion_matrix":{"bins":[0,3.625,7.25,10.875,14.5,18.125,21.75,25.375,29,32.625,36.25,39.875,43.5,47.125,50.75,54.375,58,61.625,65.25,68.875,72.5,76.125,79.75,83.375,87,90.625,94.25,97.875,101.5,105.125,108.75,112.375,116],"_type":"histogram","values":[66,11,5,2,1,2,1,0,2,0,0,0,0,0,0,0,1,0,1,0,0,1,0,0,1,2,0,1,1,0,0,2]},"_wandb":{"runtime":190},"test_precision":0.8210158439827966,"test_recall":0.8141666666666667,"val_recall":0.76,"test_acc":0.8141666666666667,"train_acc":0.752,"test_f1":0.8119295898428603,"epoch":9,"val_f1":0.7579957755561968,"validation_loss":0.7281799056108957}