{"train_acc":0.4688,"epoch":9,"test_precision":0.5967073457892096,"val_recall":0.4966666666666667,"val_confusion_matrix":{"bins":[0,2.84375,5.6875,8.53125,11.375,14.21875,17.0625,19.90625,22.75,25.59375,28.4375,31.28125,34.125,36.96875,39.8125,42.65625,45.5,48.34375,51.1875,54.03125,56.875,59.71875,62.5625,65.40625,68.25,71.09375,73.9375,76.78125,79.625,82.46875,85.3125,88.15625,91],"_type":"histogram","values":[46,8,6,13,4,2,2,1,4,1,3,1,0,0,1,2,0,0,0,0,0,0,1,0,1,0,1,0,1,0,0,2]},"_runtime":312.215262981,"test_confusion_matrix":{"_type":"histogram","values":[49,6,6,11,3,3,2,7,2,2,0,0,1,0,0,0,0,1,0,0,0,1,0,0,0,0,0,1,2,1,0,2],"bins":[0,2.8125,5.625,8.4375,11.25,14.0625,16.875,19.6875,22.5,25.3125,28.125,30.9375,33.75,36.5625,39.375,42.1875,45,47.8125,50.625,53.4375,56.25,59.0625,61.875,64.6875,67.5,70.3125,73.125,75.9375,78.75,81.5625,84.375,87.1875,90]},"val_precision":0.5269658218672346,"validation_loss":1.39375199522047,"_wandb":{"runtime":313},"run_id":"7gxsrssd","train_loss":1.546232974186492,"_timestamp":1.732370255499479e+09,"validation_acc":0.49666666666666665,"_step":9,"test_acc":0.5458333333333333,"test_f1":0.5310667048962869,"val_f1":0.47453855699529646,"test_recall":0.5458333333333333}