{"_wandb":{"runtime":191},"_step":9,"test_precision":0.3194463177366146,"val_precision":0.295873714125276,"_timestamp":1.7323263118268664e+09,"train_loss":1.9281559405616298,"test_confusion_matrix":{"_type":"histogram","values":[50,3,4,2,7,3,4,3,4,0,0,3,7,1,0,0,0,1,2,0,1,2,0,0,2,0,0,0,0,0,0,1],"bins":[0,2.46875,4.9375,7.40625,9.875,12.34375,14.8125,17.28125,19.75,22.21875,24.6875,27.15625,29.625,32.09375,34.5625,37.03125,39.5,41.96875,44.4375,46.90625,49.375,51.84375,54.3125,56.78125,59.25,61.71875,64.1875,66.65625,69.125,71.59375,74.0625,76.53125,79]},"validation_acc":0.28,"test_recall":0.24833333333333335,"_runtime":191.837025399,"val_confusion_matrix":{"bins":[0,1.90625,3.8125,5.71875,7.625,9.53125,11.4375,13.34375,15.25,17.15625,19.0625,20.96875,22.875,24.78125,26.6875,28.59375,30.5,32.40625,34.3125,36.21875,38.125,40.03125,41.9375,43.84375,45.75,47.65625,49.5625,51.46875,53.375,55.28125,57.1875,59.09375,61],"_type":"histogram","values":[36,3,9,4,3,11,6,2,0,1,4,2,3,1,1,3,0,0,1,1,1,2,0,0,0,1,2,0,0,0,2,1]},"val_f1":0.2634715624964349,"validation_loss":2.004070373599728,"test_f1":0.2393268802323678,"test_acc":0.24833333333333332,"val_recall":0.27999999999999997,"run_id":"30lfshh1","train_acc":0.3202,"epoch":9}