{"test_f1":0.23491642970989496,"val_precision":0.26688250098368427,"val_confusion_matrix":{"values":[43,4,7,4,7,0,6,4,7,2,2,2,1,0,2,0,0,3,2,1,0,1,0,0,1,0,0,0,0,0,0,1],"bins":[0,2.46875,4.9375,7.40625,9.875,12.34375,14.8125,17.28125,19.75,22.21875,24.6875,27.15625,29.625,32.09375,34.5625,37.03125,39.5,41.96875,44.4375,46.90625,49.375,51.84375,54.3125,56.78125,59.25,61.71875,64.1875,66.65625,69.125,71.59375,74.0625,76.53125,79],"_type":"histogram"},"test_acc":0.25,"_timestamp":1.7323069338154721e+09,"validation_acc":0.25833333333333336,"test_confusion_matrix":{"bins":[0,2.65625,5.3125,7.96875,10.625,13.28125,15.9375,18.59375,21.25,23.90625,26.5625,29.21875,31.875,34.53125,37.1875,39.84375,42.5,45.15625,47.8125,50.46875,53.125,55.78125,58.4375,61.09375,63.75,66.40625,69.0625,71.71875,74.375,77.03125,79.6875,82.34375,85],"_type":"histogram","values":[45,6,1,13,6,1,4,4,2,3,2,1,1,5,0,1,0,0,1,0,0,0,1,0,0,0,1,1,0,0,0,1]},"train_loss":2.168246364897224,"_step":2,"epoch":2,"validation_loss":2.0243500765164693,"_runtime":332.327837245,"val_recall":0.2583333333333333,"val_f1":0.24368592554138285,"test_precision":0.2667302255115792,"_wandb":{"runtime":340},"run_id":"5fcffgjs","test_recall":0.24999999999999994,"train_acc":0.1956}