{"_timestamp":1.7323274981132348e+09,"val_precision":0.1916772870808735,"test_confusion_matrix":{"values":[42,8,9,4,6,3,3,3,2,1,0,1,3,0,2,0,2,4,0,1,2,1,0,0,0,0,2,0,0,0,0,1],"bins":[0,2.34375,4.6875,7.03125,9.375,11.71875,14.0625,16.40625,18.75,21.09375,23.4375,25.78125,28.125,30.46875,32.8125,35.15625,37.5,39.84375,42.1875,44.53125,46.875,49.21875,51.5625,53.90625,56.25,58.59375,60.9375,63.28125,65.625,67.96875,70.3125,72.65625,75],"_type":"histogram"},"val_f1":0.18073007326486587,"val_recall":0.23666666666666666,"train_loss":2.135121157836914,"test_f1":0.19480682749435535,"_wandb":{"runtime":203},"validation_acc":0.23666666666666666,"test_recall":0.24,"val_confusion_matrix":{"values":[45,7,7,7,2,5,3,5,2,0,3,3,2,2,1,1,1,1,0,0,1,0,1,0,0,0,0,0,0,0,0,1],"bins":[0,2.84375,5.6875,8.53125,11.375,14.21875,17.0625,19.90625,22.75,25.59375,28.4375,31.28125,34.125,36.96875,39.8125,42.65625,45.5,48.34375,51.1875,54.03125,56.875,59.71875,62.5625,65.40625,68.25,71.09375,73.9375,76.78125,79.625,82.46875,85.3125,88.15625,91],"_type":"histogram"},"train_acc":0.203,"run_id":"lvtat6o7","test_precision":0.2081014700132704,"_runtime":203.262783539,"validation_loss":2.028290262888962,"epoch":9,"test_acc":0.24,"_step":9}