{"val_confusion_matrix":{"_type":"histogram","values":[35,10,3,13,7,1,3,9,4,2,2,1,1,3,2,1,1,0,0,0,0,0,0,0,1,0,0,0,0,0,0,1],"bins":[0,2.65625,5.3125,7.96875,10.625,13.28125,15.9375,18.59375,21.25,23.90625,26.5625,29.21875,31.875,34.53125,37.1875,39.84375,42.5,45.15625,47.8125,50.46875,53.125,55.78125,58.4375,61.09375,63.75,66.40625,69.0625,71.71875,74.375,77.03125,79.6875,82.34375,85]},"test_confusion_matrix":{"_type":"histogram","values":[41,6,1,6,8,8,3,5,2,3,1,1,1,1,4,2,0,2,0,0,1,1,0,0,0,0,0,0,1,0,1,1],"bins":[0,2.28125,4.5625,6.84375,9.125,11.40625,13.6875,15.96875,18.25,20.53125,22.8125,25.09375,27.375,29.65625,31.9375,34.21875,36.5,38.78125,41.0625,43.34375,45.625,47.90625,50.1875,52.46875,54.75,57.03125,59.3125,61.59375,63.875,66.15625,68.4375,70.71875,73]},"validation_acc":0.27666666666666667,"_runtime":180.963519189,"_wandb":{"runtime":180},"run_id":"prddcbto","val_precision":0.34497549373987546,"validation_loss":2.0591323026269674,"test_precision":0.28983238162782426,"val_recall":0.27666666666666667,"test_acc":0.3283333333333333,"_step":9,"test_f1":0.2921376390313598,"test_recall":0.32833333333333337,"val_f1":0.2449111054215245,"train_loss":2.093627895029208,"train_acc":0.238,"_timestamp":1.7323363906559646e+09,"epoch":9}