{"test_confusion_matrix":{"bins":[0,3.46875,6.9375,10.40625,13.875,17.34375,20.8125,24.28125,27.75,31.21875,34.6875,38.15625,41.625,45.09375,48.5625,52.03125,55.5,58.96875,62.4375,65.90625,69.375,72.84375,76.3125,79.78125,83.25,86.71875,90.1875,93.65625,97.125,100.59375,104.0625,107.53125,111],"_type":"histogram","values":[65,7,11,3,2,2,0,0,0,0,0,0,0,0,0,0,0,0,0,0,0,0,0,2,0,4,1,0,0,1,0,2]},"test_recall":0.78,"train_acc":0.7068,"validation_acc":0.7408333333333333,"run_id":"0wxiu9k4","val_recall":0.7408333333333335,"val_f1":0.7401578468593414,"epoch":9,"test_acc":0.78,"_runtime":193.462763633,"test_f1":0.7810915557852394,"train_loss":0.9083141599111496,"test_precision":0.7924701379723684,"validation_loss":0.8311248239793106,"_step":9,"_wandb":{"runtime":193},"val_precision":0.7593713456338883,"_timestamp":1.7323159033177817e+09,"val_confusion_matrix":{"_type":"histogram","values":[65,7,10,1,2,2,1,0,2,0,0,0,0,0,1,0,0,0,0,0,0,0,0,0,2,2,0,2,0,1,1,1],"bins":[0,3.40625,6.8125,10.21875,13.625,17.03125,20.4375,23.84375,27.25,30.65625,34.0625,37.46875,40.875,44.28125,47.6875,51.09375,54.5,57.90625,61.3125,64.71875,68.125,71.53125,74.9375,78.34375,81.75,85.15625,88.5625,91.96875,95.375,98.78125,102.1875,105.59375,109]}}