{"test_confusion_matrix":{"bins":[0,3.4375,6.875,10.3125,13.75,17.1875,20.625,24.0625,27.5,30.9375,34.375,37.8125,41.25,44.6875,48.125,51.5625,55,58.4375,61.875,65.3125,68.75,72.1875,75.625,79.0625,82.5,85.9375,89.375,92.8125,96.25,99.6875,103.125,106.5625,110],"_type":"histogram","values":[50,10,9,4,8,2,1,1,0,2,3,0,3,2,0,0,1,0,0,0,1,0,0,1,1,0,0,0,0,0,0,1]},"val_f1":0.4202262727928197,"_timestamp":1.7323686715335088e+09,"val_precision":0.4808831785909707,"test_f1":0.46485612805815746,"test_precision":0.5244216313882281,"test_acc":0.48333333333333334,"_runtime":306.182669559,"validation_loss":1.9028953447057575,"val_recall":0.4383333333333333,"val_confusion_matrix":{"bins":[0,3.75,7.5,11.25,15,18.75,22.5,26.25,30,33.75,37.5,41.25,45,48.75,52.5,56.25,60,63.75,67.5,71.25,75,78.75,82.5,86.25,90,93.75,97.5,101.25,105,108.75,112.5,116.25,120],"_type":"histogram","values":[45,5,17,7,7,3,0,5,2,2,1,1,0,0,1,2,0,0,0,1,0,0,0,0,0,0,0,0,0,0,0,1]},"validation_acc":0.43833333333333335,"_step":9,"train_acc":0.4984,"train_loss":1.4767280153081388,"test_recall":0.4833333333333333,"_wandb":{"runtime":307},"run_id":"xmd75vss","epoch":9}