{"test_recall":0.2716666666666666,"test_precision":0.21138506282182234,"train_loss":2.04416593776387,"test_f1":0.20402553964328513,"validation_loss":2.0023389016503796,"train_acc":0.2422,"val_confusion_matrix":{"bins":[0,2.8125,5.625,8.4375,11.25,14.0625,16.875,19.6875,22.5,25.3125,28.125,30.9375,33.75,36.5625,39.375,42.1875,45,47.8125,50.625,53.4375,56.25,59.0625,61.875,64.6875,67.5,70.3125,73.125,75.9375,78.75,81.5625,84.375,87.1875,90],"_type":"histogram","values":[45,6,4,14,3,1,2,7,1,4,1,1,1,1,3,1,0,1,1,0,0,1,0,0,0,0,0,0,0,0,0,2]},"test_confusion_matrix":{"bins":[0,3.4375,6.875,10.3125,13.75,17.1875,20.625,24.0625,27.5,30.9375,34.375,37.8125,41.25,44.6875,48.125,51.5625,55,58.4375,61.875,65.3125,68.75,72.1875,75.625,79.0625,82.5,85.9375,89.375,92.8125,96.25,99.6875,103.125,106.5625,110],"_type":"histogram","values":[47,8,12,3,6,4,6,1,2,0,0,5,0,1,1,0,0,1,1,0,0,0,0,0,1,0,0,0,0,0,0,1]},"test_acc":0.27166666666666667,"epoch":9,"_timestamp":1.7323210248719413e+09,"_step":9,"validation_acc":0.26,"_runtime":187.119603558,"run_id":"pyr403np","val_precision":0.18684989063586582,"_wandb":{"runtime":187},"val_f1":0.19344797249726314,"val_recall":0.26}