{"_timestamp":1.732332201217858e+09,"_runtime":193.352504786,"val_confusion_matrix":{"_type":"histogram","values":[57,14,17,1,0,0,0,0,0,1,0,0,0,0,0,0,0,0,1,0,0,1,0,0,1,0,1,0,4,1,0,1],"bins":[0,3.4375,6.875,10.3125,13.75,17.1875,20.625,24.0625,27.5,30.9375,34.375,37.8125,41.25,44.6875,48.125,51.5625,55,58.4375,61.875,65.3125,68.75,72.1875,75.625,79.0625,82.5,85.9375,89.375,92.8125,96.25,99.6875,103.125,106.5625,110]},"test_recall":0.7925,"test_acc":0.7925,"train_acc":0.6224,"validation_loss":0.7635782266114499,"test_confusion_matrix":{"_type":"histogram","values":[66,8,10,3,1,2,0,0,0,0,0,0,0,0,0,0,0,0,0,0,0,0,0,1,1,2,0,1,1,2,0,2],"bins":[0,3.4375,6.875,10.3125,13.75,17.1875,20.625,24.0625,27.5,30.9375,34.375,37.8125,41.25,44.6875,48.125,51.5625,55,58.4375,61.875,65.3125,68.75,72.1875,75.625,79.0625,82.5,85.9375,89.375,92.8125,96.25,99.6875,103.125,106.5625,110]},"_wandb":{"runtime":193},"train_loss":1.1433779362440109,"run_id":"mzhwcrk5","val_precision":0.769769537757259,"test_f1":0.7933545012326306,"epoch":9,"val_recall":0.7633333333333334,"_step":9,"validation_acc":0.7633333333333333,"val_f1":0.7620094992448968,"test_precision":0.8058311245795776}