{"val_confusion_matrix":{"_type":"histogram","values":[71,7,8,1,3,0,0,0,0,0,0,0,0,0,0,0,0,0,1,0,0,0,1,0,2,1,1,0,0,2,0,2],"bins":[0,3.75,7.5,11.25,15,18.75,22.5,26.25,30,33.75,37.5,41.25,45,48.75,52.5,56.25,60,63.75,67.5,71.25,75,78.75,82.5,86.25,90,93.75,97.5,101.25,105,108.75,112.5,116.25,120]},"_timestamp":1.732338690515149e+09,"_wandb":{"runtime":172},"test_precision":0.8416150869333725,"test_recall":0.8291666666666668,"train_acc":0.743,"validation_acc":0.825,"test_confusion_matrix":{"_type":"histogram","values":[72,5,7,4,0,2,0,0,0,0,0,0,0,0,0,0,0,0,0,0,0,2,0,0,0,1,2,0,4,0,0,1],"bins":[0,3.71875,7.4375,11.15625,14.875,18.59375,22.3125,26.03125,29.75,33.46875,37.1875,40.90625,44.625,48.34375,52.0625,55.78125,59.5,63.21875,66.9375,70.65625,74.375,78.09375,81.8125,85.53125,89.25,92.96875,96.6875,100.40625,104.125,107.84375,111.5625,115.28125,119]},"_step":9,"test_f1":0.8291097016018456,"run_id":"q1wcimf7","val_f1":0.8211214975817434,"train_loss":0.79988810097336,"epoch":9,"_runtime":172.924388968,"test_acc":0.8291666666666667,"validation_loss":0.63478374885035,"val_recall":0.825,"val_precision":0.8260236792734867}