{"test_recall":0.28,"validation_acc":0.2375,"val_confusion_matrix":{"values":[41,3,2,14,4,4,4,8,0,2,4,5,3,0,2,1,0,1,1,0,0,0,0,0,0,0,0,0,0,0,0,1],"bins":[0,2.65625,5.3125,7.96875,10.625,13.28125,15.9375,18.59375,21.25,23.90625,26.5625,29.21875,31.875,34.53125,37.1875,39.84375,42.5,45.15625,47.8125,50.46875,53.125,55.78125,58.4375,61.09375,63.75,66.40625,69.0625,71.71875,74.375,77.03125,79.6875,82.34375,85],"_type":"histogram"},"test_confusion_matrix":{"_type":"histogram","values":[40,5,5,4,10,5,2,4,5,3,0,0,3,1,3,2,1,1,2,2,1,0,0,0,0,0,0,0,0,0,0,1],"bins":[0,2.34375,4.6875,7.03125,9.375,11.71875,14.0625,16.40625,18.75,21.09375,23.4375,25.78125,28.125,30.46875,32.8125,35.15625,37.5,39.84375,42.1875,44.53125,46.875,49.21875,51.5625,53.90625,56.25,58.59375,60.9375,63.28125,65.625,67.96875,70.3125,72.65625,75]},"train_acc":0.2148,"run_id":"8b5f1l0e","_step":9,"test_acc":0.28,"test_f1":0.2777105188083658,"val_precision":0.29894399305655633,"_wandb":{"runtime":186},"_timestamp":1.7323192154135797e+09,"val_f1":0.24058840756891983,"val_recall":0.2375,"epoch":9,"test_precision":0.31195894278846004,"_runtime":185.983210595,"validation_loss":2.0514684312037814,"train_loss":2.1254056224340125}