{"epoch":9,"test_acc":0.855,"_runtime":193.231196242,"test_confusion_matrix":{"bins":[0,3.75,7.5,11.25,15,18.75,22.5,26.25,30,33.75,37.5,41.25,45,48.75,52.5,56.25,60,63.75,67.5,71.25,75,78.75,82.5,86.25,90,93.75,97.5,101.25,105,108.75,112.5,116.25,120],"_type":"histogram","values":[72,9,8,0,0,1,0,0,0,0,0,0,0,0,0,0,0,0,0,0,0,0,2,0,0,1,3,0,1,0,0,3]},"test_recall":0.8550000000000001,"val_confusion_matrix":{"bins":[0,3.65625,7.3125,10.96875,14.625,18.28125,21.9375,25.59375,29.25,32.90625,36.5625,40.21875,43.875,47.53125,51.1875,54.84375,58.5,62.15625,65.8125,69.46875,73.125,76.78125,80.4375,84.09375,87.75,91.40625,95.0625,98.71875,102.375,106.03125,109.6875,113.34375,117],"_type":"histogram","values":[71,5,7,5,0,0,2,0,0,0,0,0,0,0,0,0,0,0,1,0,1,0,1,0,1,0,0,1,1,0,1,3]},"validation_acc":0.8175,"_step":9,"validation_loss":0.5922107586877337,"_timestamp":1.7323302643285775e+09,"run_id":"90mx4hyd","test_f1":0.8548087883280002,"test_precision":0.8692023705749412,"_wandb":{"runtime":193},"val_precision":0.8256328362207113,"train_acc":0.711,"val_recall":0.8174999999999999,"train_loss":0.8825309696479346,"val_f1":0.8137236006983279}