{"val_precision":0.27938076398048406,"validation_acc":0.2608333333333333,"epoch":9,"val_recall":0.26083333333333336,"_wandb":{"runtime":193},"test_acc":0.3333333333333333,"val_confusion_matrix":{"_type":"histogram","values":[35,10,5,4,2,4,3,2,5,3,5,0,0,4,3,4,4,2,0,0,1,1,1,0,0,0,0,0,0,0,0,2],"bins":[0,1.9375,3.875,5.8125,7.75,9.6875,11.625,13.5625,15.5,17.4375,19.375,21.3125,23.25,25.1875,27.125,29.0625,31,32.9375,34.875,36.8125,38.75,40.6875,42.625,44.5625,46.5,48.4375,50.375,52.3125,54.25,56.1875,58.125,60.0625,62]},"test_f1":0.3086355505383972,"run_id":"6r61b09m","train_acc":0.2688,"_runtime":193.138538641,"validation_loss":2.146649733313049,"_timestamp":1.7323140109258096e+09,"val_f1":0.24813780532635552,"train_loss":2.0161832935491186,"test_recall":0.3333333333333333,"_step":9,"test_confusion_matrix":{"values":[42,10,4,14,3,2,4,1,4,3,2,1,0,0,2,0,0,0,3,0,1,2,0,0,0,0,0,1,0,0,0,1],"bins":[0,2.71875,5.4375,8.15625,10.875,13.59375,16.3125,19.03125,21.75,24.46875,27.1875,29.90625,32.625,35.34375,38.0625,40.78125,43.5,46.21875,48.9375,51.65625,54.375,57.09375,59.8125,62.53125,65.25,67.96875,70.6875,73.40625,76.125,78.84375,81.5625,84.28125,87],"_type":"histogram"},"test_precision":0.35943061553470157}