{"test_acc":0.3016666666666667,"validation_loss":1.9541297686519101,"val_f1":0.25452577854884084,"test_confusion_matrix":{"values":[41,7,5,11,2,5,4,1,1,4,1,8,1,1,0,3,2,0,1,0,0,0,0,0,0,0,0,1,0,0,0,1],"bins":[0,2.53125,5.0625,7.59375,10.125,12.65625,15.1875,17.71875,20.25,22.78125,25.3125,27.84375,30.375,32.90625,35.4375,37.96875,40.5,43.03125,45.5625,48.09375,50.625,53.15625,55.6875,58.21875,60.75,63.28125,65.8125,68.34375,70.875,73.40625,75.9375,78.46875,81],"_type":"histogram"},"_timestamp":1.7323390609747908e+09,"_runtime":175.353643112,"val_recall":0.27666666666666667,"val_precision":0.2800233012821467,"run_id":"1skjo9xt","test_f1":0.28598246709919545,"test_recall":0.3016666666666667,"train_loss":1.9866415413120124,"validation_acc":0.27666666666666667,"test_precision":0.30912352420842,"_wandb":{"runtime":175},"train_acc":0.2794,"val_confusion_matrix":{"values":[35,8,4,4,12,4,8,3,5,4,1,1,1,1,2,2,1,0,0,1,1,1,0,0,0,0,0,0,0,0,0,1],"bins":[0,2.46875,4.9375,7.40625,9.875,12.34375,14.8125,17.28125,19.75,22.21875,24.6875,27.15625,29.625,32.09375,34.5625,37.03125,39.5,41.96875,44.4375,46.90625,49.375,51.84375,54.3125,56.78125,59.25,61.71875,64.1875,66.65625,69.125,71.59375,74.0625,76.53125,79],"_type":"histogram"},"epoch":9,"_step":9}