{"val_f1":0.6173607784262273,"val_confusion_matrix":{"values":[53,7,7,10,3,2,4,1,0,1,1,0,1,1,0,1,0,0,0,0,1,0,0,0,0,1,0,1,2,0,2,1],"bins":[0,2.96875,5.9375,8.90625,11.875,14.84375,17.8125,20.78125,23.75,26.71875,29.6875,32.65625,35.625,38.59375,41.5625,44.53125,47.5,50.46875,53.4375,56.40625,59.375,62.34375,65.3125,68.28125,71.25,74.21875,77.1875,80.15625,83.125,86.09375,89.0625,92.03125,95],"_type":"histogram"},"epoch":9,"train_acc":0.544,"train_loss":1.3790327999591827,"run_id":"9rrbtrf2","test_f1":0.716054629352424,"test_confusion_matrix":{"bins":[0,3.1875,6.375,9.5625,12.75,15.9375,19.125,22.3125,25.5,28.6875,31.875,35.0625,38.25,41.4375,44.625,47.8125,51,54.1875,57.375,60.5625,63.75,66.9375,70.125,73.3125,76.5,79.6875,82.875,86.0625,89.25,92.4375,95.625,98.8125,102],"_type":"histogram","values":[60,7,5,12,0,3,3,0,0,0,0,0,0,0,0,0,0,0,0,0,0,0,1,1,2,1,1,0,0,1,2,1]},"_wandb":{"runtime":191},"test_recall":0.7150000000000001,"_step":9,"test_acc":0.715,"_runtime":191.737112399,"validation_acc":0.6225,"val_precision":0.6402779507893928,"val_recall":0.6225,"_timestamp":1.732337187883069e+09,"test_precision":0.7368790196558594,"validation_loss":1.155253964343671}