{"_wandb":{"runtime":181},"val_precision":0.29827851427441,"_step":9,"train_acc":0.314,"test_f1":0.3297824085494957,"test_confusion_matrix":{"_type":"histogram","values":[52,5,3,11,2,2,6,3,1,3,1,0,3,1,1,1,1,0,0,1,0,0,0,2,0,0,0,0,0,0,0,1],"bins":[0,3.125,6.25,9.375,12.5,15.625,18.75,21.875,25,28.125,31.25,34.375,37.5,40.625,43.75,46.875,50,53.125,56.25,59.375,62.5,65.625,68.75,71.875,75,78.125,81.25,84.375,87.5,90.625,93.75,96.875,100]},"_timestamp":1.732331800694825e+09,"test_precision":0.4512553420143203,"validation_acc":0.3075,"run_id":"y30jewrz","val_confusion_matrix":{"_type":"histogram","values":[41,7,4,1,13,6,3,1,2,1,4,1,0,0,4,2,1,2,2,0,0,1,0,0,0,0,0,1,0,1,0,2],"bins":[0,2.1875,4.375,6.5625,8.75,10.9375,13.125,15.3125,17.5,19.6875,21.875,24.0625,26.25,28.4375,30.625,32.8125,35,37.1875,39.375,41.5625,43.75,45.9375,48.125,50.3125,52.5,54.6875,56.875,59.0625,61.25,63.4375,65.625,67.8125,70]},"val_recall":0.3075,"validation_loss":2.126917998408741,"train_loss":1.9074000211278344,"test_acc":0.36083333333333334,"epoch":9,"test_recall":0.3608333333333334,"_runtime":180.945191996,"val_f1":0.278874580120681}