{"train_loss":1.808116536990852,"_step":9,"test_recall":0.37833333333333335,"test_f1":0.35811795601403784,"val_precision":0.3818691154208303,"test_acc":0.37833333333333335,"val_f1":0.3242370593278241,"test_precision":0.43266932644009043,"_runtime":178.134784051,"test_confusion_matrix":{"values":[45,8,5,12,3,3,6,2,2,4,1,2,0,1,0,0,1,0,2,0,2,0,0,0,0,0,0,0,0,0,0,1],"bins":[0,3.125,6.25,9.375,12.5,15.625,18.75,21.875,25,28.125,31.25,34.375,37.5,40.625,43.75,46.875,50,53.125,56.25,59.375,62.5,65.625,68.75,71.875,75,78.125,81.25,84.375,87.5,90.625,93.75,96.875,100],"_type":"histogram"},"validation_acc":0.3475,"epoch":9,"_wandb":{"runtime":178},"train_acc":0.3394,"validation_loss":1.900195319155561,"run_id":"fcs6z0r4","val_confusion_matrix":{"values":[38,14,2,13,9,1,4,3,1,1,5,1,0,0,1,0,1,1,1,1,1,0,0,0,0,0,0,1,0,0,0,1],"bins":[0,2.9375,5.875,8.8125,11.75,14.6875,17.625,20.5625,23.5,26.4375,29.375,32.3125,35.25,38.1875,41.125,44.0625,47,49.9375,52.875,55.8125,58.75,61.6875,64.625,67.5625,70.5,73.4375,76.375,79.3125,82.25,85.1875,88.125,91.0625,94],"_type":"histogram"},"_timestamp":1.7323339111928813e+09,"val_recall":0.34750000000000003}