{"train_loss":2.110248197174072,"_timestamp":1.7323300634181988e+09,"validation_loss":2.0398492116411218,"_wandb":{"runtime":210},"test_f1":0.24043842667873072,"run_id":"i0q3tjjg","test_acc":0.25166666666666665,"_runtime":210.217264547,"test_recall":0.25166666666666665,"val_f1":0.23789792822617092,"test_confusion_matrix":{"_type":"histogram","values":[49,4,5,1,6,2,3,5,2,2,2,1,2,2,1,4,3,0,2,0,0,2,1,0,0,0,0,0,0,0,0,1],"bins":[0,2.40625,4.8125,7.21875,9.625,12.03125,14.4375,16.84375,19.25,21.65625,24.0625,26.46875,28.875,31.28125,33.6875,36.09375,38.5,40.90625,43.3125,45.71875,48.125,50.53125,52.9375,55.34375,57.75,60.15625,62.5625,64.96875,67.375,69.78125,72.1875,74.59375,77]},"test_precision":0.3891557358508169,"val_recall":0.25833333333333336,"validation_acc":0.25833333333333336,"epoch":9,"train_acc":0.2168,"val_precision":0.312169983620315,"val_confusion_matrix":{"_type":"histogram","values":[44,10,5,6,4,4,4,3,4,4,2,2,3,1,1,0,1,0,1,0,0,0,0,0,0,0,0,0,0,0,0,1],"bins":[0,3.03125,6.0625,9.09375,12.125,15.15625,18.1875,21.21875,24.25,27.28125,30.3125,33.34375,36.375,39.40625,42.4375,45.46875,48.5,51.53125,54.5625,57.59375,60.625,63.65625,66.6875,69.71875,72.75,75.78125,78.8125,81.84375,84.875,87.90625,90.9375,93.96875,97]},"_step":9}