{"val_f1":0.6988094141555974,"validation_acc":0.6991666666666667,"_wandb":{"runtime":222},"test_f1":0.7335679081964892,"_timestamp":1.7323136114887345e+09,"run_id":"yy3o1j7z","val_confusion_matrix":{"values":[62,4,15,2,3,3,1,0,0,0,0,0,0,0,0,0,0,1,1,2,1,0,0,0,1,1,1,1,0,0,0,1],"bins":[0,3.625,7.25,10.875,14.5,18.125,21.75,25.375,29,32.625,36.25,39.875,43.5,47.125,50.75,54.375,58,61.625,65.25,68.875,72.5,76.125,79.75,83.375,87,90.625,94.25,97.875,101.5,105.125,108.75,112.375,116],"_type":"histogram"},"validation_loss":0.9198162348235989,"epoch":9,"test_acc":0.7341666666666666,"_step":9,"test_precision":0.7745452009426894,"train_acc":0.5888,"_runtime":222.546092297,"test_confusion_matrix":{"_type":"histogram","values":[64,5,9,3,4,3,2,0,0,0,0,0,0,0,0,1,0,0,1,0,0,0,1,1,0,0,0,2,2,1,0,1],"bins":[0,3.46875,6.9375,10.40625,13.875,17.34375,20.8125,24.28125,27.75,31.21875,34.6875,38.15625,41.625,45.09375,48.5625,52.03125,55.5,58.96875,62.4375,65.90625,69.375,72.84375,76.3125,79.78125,83.25,86.71875,90.1875,93.65625,97.125,100.59375,104.0625,107.53125,111]},"val_precision":0.7331163928457912,"train_loss":1.2226003451824188,"test_recall":0.7341666666666666,"val_recall":0.6991666666666666}