{"train_loss":0.8981455987012839,"_runtime":175.0846264,"_step":9,"test_precision":0.7292057646789081,"test_acc":0.6966666666666667,"test_recall":0.6966666666666667,"val_recall":0.7008333333333334,"val_precision":0.7619190644380075,"_timestamp":1.7323402249668002e+09,"epoch":9,"test_confusion_matrix":{"_type":"histogram","values":[68,1,12,2,2,2,1,0,0,1,0,1,1,0,0,0,0,0,0,0,1,0,0,1,0,0,2,0,2,2,0,1],"bins":[0,3.4375,6.875,10.3125,13.75,17.1875,20.625,24.0625,27.5,30.9375,34.375,37.8125,41.25,44.6875,48.125,51.5625,55,58.4375,61.875,65.3125,68.75,72.1875,75.625,79.0625,82.5,85.9375,89.375,92.8125,96.25,99.6875,103.125,106.5625,110]},"validation_loss":1.0367634370002754,"validation_acc":0.7008333333333333,"val_f1":0.68278838713948,"_wandb":{"runtime":175},"run_id":"7d1lvi13","val_confusion_matrix":{"_type":"histogram","values":[59,9,11,4,5,1,0,0,0,1,0,1,0,0,0,0,0,0,0,1,0,0,1,0,0,1,2,0,2,0,1,1],"bins":[0,3.4375,6.875,10.3125,13.75,17.1875,20.625,24.0625,27.5,30.9375,34.375,37.8125,41.25,44.6875,48.125,51.5625,55,58.4375,61.875,65.3125,68.75,72.1875,75.625,79.0625,82.5,85.9375,89.375,92.8125,96.25,99.6875,103.125,106.5625,110]},"test_f1":0.6874423794889534,"train_acc":0.7106}