{"_wandb":{"runtime":312},"val_confusion_matrix":{"_type":"histogram","values":[45,9,2,15,2,7,3,3,1,1,1,1,1,1,0,0,2,1,1,0,0,0,0,1,0,0,0,0,1,1,0,1],"bins":[0,2.90625,5.8125,8.71875,11.625,14.53125,17.4375,20.34375,23.25,26.15625,29.0625,31.96875,34.875,37.78125,40.6875,43.59375,46.5,49.40625,52.3125,55.21875,58.125,61.03125,63.9375,66.84375,69.75,72.65625,75.5625,78.46875,81.375,84.28125,87.1875,90.09375,93]},"_runtime":310.703559022,"_step":9,"train_acc":0.4752,"test_precision":0.5363922087485333,"test_confusion_matrix":{"bins":[0,2.8125,5.625,8.4375,11.25,14.0625,16.875,19.6875,22.5,25.3125,28.125,30.9375,33.75,36.5625,39.375,42.1875,45,47.8125,50.625,53.4375,56.25,59.0625,61.875,64.6875,67.5,70.3125,73.125,75.9375,78.75,81.5625,84.375,87.1875,90],"_type":"histogram","values":[40,13,8,12,5,2,1,5,1,2,0,1,1,0,0,0,0,0,1,2,0,0,1,2,0,1,0,0,1,0,0,1]},"test_recall":0.5191666666666667,"validation_loss":1.6188865748777366,"_timestamp":1.7323740252783082e+09,"epoch":9,"val_f1":0.4714925206860556,"test_f1":0.5122789671006174,"test_acc":0.5191666666666667,"val_recall":0.48250000000000004,"run_id":"5k42m0ne","val_precision":0.496548678521701,"train_loss":1.5369444919537893,"validation_acc":0.4825}