{"val_precision":0.8652829746252644,"val_recall":0.8550000000000001,"test_confusion_matrix":{"_type":"histogram","values":[73,7,7,1,1,1,0,0,0,0,0,0,0,0,0,0,0,0,0,0,1,0,0,0,0,1,1,2,1,1,1,2],"bins":[0,3.6875,7.375,11.0625,14.75,18.4375,22.125,25.8125,29.5,33.1875,36.875,40.5625,44.25,47.9375,51.625,55.3125,59,62.6875,66.375,70.0625,73.75,77.4375,81.125,84.8125,88.5,92.1875,95.875,99.5625,103.25,106.9375,110.625,114.3125,118]},"epoch":9,"val_f1":0.8527146092913462,"test_f1":0.8602509369644539,"validation_acc":0.855,"val_confusion_matrix":{"_type":"histogram","values":[74,6,7,1,0,1,0,0,1,0,0,0,0,0,0,0,0,0,0,0,1,1,0,1,0,1,0,0,0,3,1,2],"bins":[0,3.75,7.5,11.25,15,18.75,22.5,26.25,30,33.75,37.5,41.25,45,48.75,52.5,56.25,60,63.75,67.5,71.25,75,78.75,82.5,86.25,90,93.75,97.5,101.25,105,108.75,112.5,116.25,120]},"train_loss":0.6482618795871735,"train_acc":0.7844,"_step":9,"_timestamp":1.7323699385874455e+09,"validation_loss":0.5209615016223841,"_wandb":{"runtime":338},"run_id":"3fslgkdl","test_recall":0.8583333333333332,"_runtime":336.959250409,"test_acc":0.8583333333333333,"test_precision":0.8715860773615282}