{"_step":9,"_timestamp":1.732374667220198e+09,"test_f1":0.8832868511517654,"train_loss":0.20656460401000856,"test_precision":0.8956396595969587,"val_f1":0.91272094310211,"train_acc":0.9324,"validation_loss":0.3462832655068204,"epoch":9,"_wandb":{"runtime":309},"val_precision":0.9244500908630794,"val_confusion_matrix":{"values":[78,8,1,2,0,0,1,0,0,0,0,0,0,0,0,0,0,0,0,0,0,0,0,0,1,2,0,0,0,0,5,2],"bins":[0,3.75,7.5,11.25,15,18.75,22.5,26.25,30,33.75,37.5,41.25,45,48.75,52.5,56.25,60,63.75,67.5,71.25,75,78.75,82.5,86.25,90,93.75,97.5,101.25,105,108.75,112.5,116.25,120],"_type":"histogram"},"run_id":"jwn50nuu","test_confusion_matrix":{"values":[77,3,6,2,1,1,0,0,0,0,0,0,0,0,0,0,0,0,0,0,0,0,0,0,1,0,3,2,0,2,0,2],"bins":[0,3.75,7.5,11.25,15,18.75,22.5,26.25,30,33.75,37.5,41.25,45,48.75,52.5,56.25,60,63.75,67.5,71.25,75,78.75,82.5,86.25,90,93.75,97.5,101.25,105,108.75,112.5,116.25,120],"_type":"histogram"},"val_recall":0.9125,"validation_acc":0.9125,"test_recall":0.8800000000000001,"_runtime":308.432128818,"test_acc":0.88}