{"test_f1":0.7774119116724856,"train_acc":0.6144,"_step":9,"test_confusion_matrix":{"bins":[0,3.5,7,10.5,14,17.5,21,24.5,28,31.5,35,38.5,42,45.5,49,52.5,56,59.5,63,66.5,70,73.5,77,80.5,84,87.5,91,94.5,98,101.5,105,108.5,112],"_type":"histogram","values":[69,2,11,3,1,3,0,0,1,0,0,0,0,0,0,0,0,0,1,0,0,0,0,0,1,2,1,0,3,0,0,2]},"test_precision":0.7847623515010651,"val_confusion_matrix":{"values":[62,6,13,5,0,2,1,1,0,0,0,0,0,0,0,0,0,0,1,1,0,2,0,0,0,4,0,1,0,0,0,1],"bins":[0,3.59375,7.1875,10.78125,14.375,17.96875,21.5625,25.15625,28.75,32.34375,35.9375,39.53125,43.125,46.71875,50.3125,53.90625,57.5,61.09375,64.6875,68.28125,71.875,75.46875,79.0625,82.65625,86.25,89.84375,93.4375,97.03125,100.625,104.21875,107.8125,111.40625,115],"_type":"histogram"},"val_precision":0.7368455530197142,"test_acc":0.7791666666666667,"train_loss":1.1712083712100982,"_timestamp":1.7323356406980631e+09,"_runtime":189.502897928,"run_id":"kb49yckf","val_f1":0.7219158520283331,"val_recall":0.7216666666666667,"validation_acc":0.7216666666666667,"epoch":9,"test_recall":0.7791666666666666,"_wandb":{"runtime":189},"validation_loss":0.8110216076232162}