{"_timestamp":1.7323220495319116e+09,"train_loss":2.2655560817962255,"validation_loss":2.2474764131506286,"_wandb":{"runtime":186},"_step":9,"val_confusion_matrix":{"values":[63,6,4,7,1,1,5,2,0,1,0,0,0,0,0,0,0,0,1,0,0,0,0,0,0,2,2,0,2,2,0,1],"bins":[0,3.125,6.25,9.375,12.5,15.625,18.75,21.875,25,28.125,31.25,34.375,37.5,40.625,43.75,46.875,50,53.125,56.25,59.375,62.5,65.625,68.75,71.875,75,78.125,81.25,84.375,87.5,90.625,93.75,96.875,100],"_type":"histogram"},"_runtime":186.345104446,"val_precision":0.08517230437850876,"val_recall":0.15583333333333332,"test_recall":0.135,"validation_acc":0.15583333333333332,"train_acc":0.136,"run_id":"myolezgy","test_acc":0.135,"epoch":9,"test_f1":0.0867693441577889,"val_f1":0.0877478129947407,"test_precision":0.10903525982268336,"test_confusion_matrix":{"values":[65,6,8,4,2,3,0,0,0,0,0,0,2,0,0,1,0,0,1,0,0,1,0,1,0,1,2,0,1,0,0,2],"bins":[0,3.4375,6.875,10.3125,13.75,17.1875,20.625,24.0625,27.5,30.9375,34.375,37.8125,41.25,44.6875,48.125,51.5625,55,58.4375,61.875,65.3125,68.75,72.1875,75.625,79.0625,82.5,85.9375,89.375,92.8125,96.25,99.6875,103.125,106.5625,110],"_type":"histogram"}}