{"test_f1":0.505929495112693,"test_confusion_matrix":{"_type":"histogram","values":[46,11,5,11,5,3,3,0,2,0,2,2,0,2,0,0,1,0,2,0,0,0,1,1,0,0,0,1,0,0,0,2],"bins":[0,2.96875,5.9375,8.90625,11.875,14.84375,17.8125,20.78125,23.75,26.71875,29.6875,32.65625,35.625,38.59375,41.5625,44.53125,47.5,50.46875,53.4375,56.40625,59.375,62.34375,65.3125,68.28125,71.25,74.21875,77.1875,80.15625,83.125,86.09375,89.0625,92.03125,95]},"validation_loss":1.6661124040213569,"epoch":9,"_wandb":{"runtime":176},"val_recall":0.4116666666666666,"_timestamp":1.73233409597716e+09,"val_f1":0.4055118448831059,"train_acc":0.4134,"run_id":"9hyjl1y0","test_acc":0.515,"validation_acc":0.4116666666666667,"train_loss":1.6696517816774405,"val_confusion_matrix":{"values":[43,8,7,10,4,5,2,6,0,1,0,2,2,1,1,1,1,1,1,3,0,0,0,0,0,0,0,0,0,0,0,1],"bins":[0,2.90625,5.8125,8.71875,11.625,14.53125,17.4375,20.34375,23.25,26.15625,29.0625,31.96875,34.875,37.78125,40.6875,43.59375,46.5,49.40625,52.3125,55.21875,58.125,61.03125,63.9375,66.84375,69.75,72.65625,75.5625,78.46875,81.375,84.28125,87.1875,90.09375,93],"_type":"histogram"},"_step":9,"_runtime":176.867080668,"test_precision":0.531488324913876,"test_recall":0.515,"val_precision":0.44791422248417856}