{"test_f1":0.17248231956718824,"train_acc":0.1556,"train_loss":2.2312280309677126,"val_confusion_matrix":{"bins":[0,2.40625,4.8125,7.21875,9.625,12.03125,14.4375,16.84375,19.25,21.65625,24.0625,26.46875,28.875,31.28125,33.6875,36.09375,38.5,40.90625,43.3125,45.71875,48.125,50.53125,52.9375,55.34375,57.75,60.15625,62.5625,64.96875,67.375,69.78125,72.1875,74.59375,77],"_type":"histogram","values":[52,5,8,5,6,2,0,1,1,0,3,1,1,0,2,0,0,3,1,0,1,0,0,2,2,0,0,0,1,1,0,2]},"_wandb":{"runtime":190},"_step":9,"val_precision":0.1944042740495136,"test_precision":0.24505136338438663,"test_confusion_matrix":{"bins":[0,3.1875,6.375,9.5625,12.75,15.9375,19.125,22.3125,25.5,28.6875,31.875,35.0625,38.25,41.4375,44.625,47.8125,51,54.1875,57.375,60.5625,63.75,66.9375,70.125,73.3125,76.5,79.6875,82.875,86.0625,89.25,92.4375,95.625,98.8125,102],"_type":"histogram","values":[61,6,3,7,3,2,2,0,0,2,0,0,1,2,1,2,1,1,1,0,0,1,0,1,0,0,0,0,1,0,0,2]},"_runtime":190.824855373,"val_f1":0.14264134587546973,"validation_acc":0.19166666666666668,"run_id":"kcdp7ae2","validation_loss":2.236632306277752,"epoch":9,"test_acc":0.24416666666666667,"val_recall":0.19166666666666665,"test_recall":0.2441666666666667,"_timestamp":1.7323346855062168e+09}