{"test_confusion_matrix":{"_type":"histogram","values":[67,6,9,1,3,1,0,2,1,0,0,0,0,0,0,0,0,0,0,1,1,0,1,0,1,0,0,0,2,1,2,1],"bins":[0,3.40625,6.8125,10.21875,13.625,17.03125,20.4375,23.84375,27.25,30.65625,34.0625,37.46875,40.875,44.28125,47.6875,51.09375,54.5,57.90625,61.3125,64.71875,68.125,71.53125,74.9375,78.34375,81.75,85.15625,88.5625,91.96875,95.375,98.78125,102.1875,105.59375,109]},"test_recall":0.7558333333333334,"val_f1":0.7603545225068185,"validation_acc":0.7641666666666667,"val_confusion_matrix":{"bins":[0,3.40625,6.8125,10.21875,13.625,17.03125,20.4375,23.84375,27.25,30.65625,34.0625,37.46875,40.875,44.28125,47.6875,51.09375,54.5,57.90625,61.3125,64.71875,68.125,71.53125,74.9375,78.34375,81.75,85.15625,88.5625,91.96875,95.375,98.78125,102.1875,105.59375,109],"_type":"histogram","values":[65,8,8,2,4,1,2,0,0,0,0,0,0,0,0,0,0,0,1,1,0,0,0,0,1,0,1,1,1,0,1,3]},"train_loss":0.958631702616245,"run_id":"0qn4zyz9","_wandb":{"runtime":186},"train_acc":0.688,"test_acc":0.7558333333333334,"_step":9,"_timestamp":1.7323163529166324e+09,"epoch":9,"test_f1":0.7541359202914555,"val_precision":0.7755888860779405,"val_recall":0.7641666666666668,"test_precision":0.7634162505609482,"validation_loss":0.7100509765541816,"_runtime":186.066872839}