{"val_f1":0.19229380275728397,"test_confusion_matrix":{"_type":"histogram","values":[49,3,1,4,9,4,2,2,3,4,3,2,2,2,1,0,2,0,1,1,0,0,0,0,0,0,1,1,0,1,0,2],"bins":[0,2.3125,4.625,6.9375,9.25,11.5625,13.875,16.1875,18.5,20.8125,23.125,25.4375,27.75,30.0625,32.375,34.6875,37,39.3125,41.625,43.9375,46.25,48.5625,50.875,53.1875,55.5,57.8125,60.125,62.4375,64.75,67.0625,69.375,71.6875,74]},"validation_acc":0.23333333333333334,"_step":9,"test_recall":0.24000000000000005,"val_precision":0.20136014785227063,"test_f1":0.20119783970806332,"run_id":"rxaaol5c","val_confusion_matrix":{"_type":"histogram","values":[44,3,5,3,4,7,4,4,11,0,1,0,3,1,0,2,2,0,0,1,1,1,0,0,1,0,0,0,0,1,0,1],"bins":[0,2.375,4.75,7.125,9.5,11.875,14.25,16.625,19,21.375,23.75,26.125,28.5,30.875,33.25,35.625,38,40.375,42.75,45.125,47.5,49.875,52.25,54.625,57,59.375,61.75,64.125,66.5,68.875,71.25,73.625,76]},"_wandb":{"runtime":197},"test_acc":0.24,"_runtime":197.771207146,"test_precision":0.234197242363265,"train_acc":0.2226,"_timestamp":1.732338322850076e+09,"validation_loss":2.1594399014650842,"train_loss":2.1485739374160766,"epoch":9,"val_recall":0.23333333333333334}