{"train_loss":0.8802679384811015,"validation_acc":0.7058333333333333,"_wandb":{"runtime":178},"test_recall":0.7283333333333333,"run_id":"w228752f","test_f1":0.7379760221414788,"train_acc":0.7228,"test_acc":0.7283333333333334,"_runtime":178.542762247,"val_precision":0.7638301567366232,"validation_loss":0.850168671271549,"_timestamp":1.7323241368152366e+09,"_step":9,"val_f1":0.7100682103605757,"epoch":9,"test_confusion_matrix":{"values":[65,5,9,4,1,1,3,0,0,1,1,0,0,0,0,0,0,0,0,0,0,0,1,0,1,1,2,1,1,1,1,1],"bins":[0,3.1875,6.375,9.5625,12.75,15.9375,19.125,22.3125,25.5,28.6875,31.875,35.0625,38.25,41.4375,44.625,47.8125,51,54.1875,57.375,60.5625,63.75,66.9375,70.125,73.3125,76.5,79.6875,82.875,86.0625,89.25,92.4375,95.625,98.8125,102],"_type":"histogram"},"test_precision":0.7784822982054236,"val_confusion_matrix":{"bins":[0,3.5,7,10.5,14,17.5,21,24.5,28,31.5,35,38.5,42,45.5,49,52.5,56,59.5,63,66.5,70,73.5,77,80.5,84,87.5,91,94.5,98,101.5,105,108.5,112],"_type":"histogram","values":[64,4,11,2,4,2,1,0,1,0,1,0,0,0,0,1,0,0,0,0,1,1,2,1,1,0,0,0,0,1,1,1]},"val_recall":0.7058333333333333}