{"_timestamp":1.7323152792928362e+09,"epoch":9,"validation_acc":0.3233333333333333,"test_recall":0.40499999999999997,"_step":9,"_wandb":{"runtime":184},"val_recall":0.32333333333333336,"test_confusion_matrix":{"_type":"histogram","values":[50,6,6,12,3,2,3,0,1,5,1,1,1,2,0,1,2,0,0,1,1,0,0,0,0,0,0,0,0,1,0,1],"bins":[0,3.125,6.25,9.375,12.5,15.625,18.75,21.875,25,28.125,31.25,34.375,37.5,40.625,43.75,46.875,50,53.125,56.25,59.375,62.5,65.625,68.75,71.875,75,78.125,81.25,84.375,87.5,90.625,93.75,96.875,100]},"validation_loss":2.4279627465846714,"run_id":"d42i6m56","test_precision":0.41927231759952266,"train_acc":0.372,"train_loss":1.7632203705703156,"test_acc":0.405,"_runtime":184.460453623,"test_f1":0.3782560844494546,"val_precision":0.33505866079812885,"val_f1":0.30009456015066294,"val_confusion_matrix":{"_type":"histogram","values":[34,12,8,10,3,6,5,5,2,2,2,1,2,1,2,0,1,1,1,0,0,0,0,0,0,1,0,0,0,0,0,1],"bins":[0,2.75,5.5,8.25,11,13.75,16.5,19.25,22,24.75,27.5,30.25,33,35.75,38.5,41.25,44,46.75,49.5,52.25,55,57.75,60.5,63.25,66,68.75,71.5,74.25,77,79.75,82.5,85.25,88]}}