{"test_confusion_matrix":{"bins":[0,3.1875,6.375,9.5625,12.75,15.9375,19.125,22.3125,25.5,28.6875,31.875,35.0625,38.25,41.4375,44.625,47.8125,51,54.1875,57.375,60.5625,63.75,66.9375,70.125,73.3125,76.5,79.6875,82.875,86.0625,89.25,92.4375,95.625,98.8125,102],"_type":"histogram","values":[63,4,8,5,3,3,2,2,0,0,0,0,0,0,0,0,0,0,0,0,0,2,1,1,0,1,0,1,1,0,0,3]},"_wandb":{"runtime":181},"validation_acc":0.6341666666666667,"val_f1":0.6247356384667837,"val_confusion_matrix":{"values":[57,6,9,7,4,3,1,1,2,0,0,0,0,0,2,1,0,1,0,1,0,0,0,1,0,1,0,0,0,1,0,2],"bins":[0,3.40625,6.8125,10.21875,13.625,17.03125,20.4375,23.84375,27.25,30.65625,34.0625,37.46875,40.875,44.28125,47.6875,51.09375,54.5,57.90625,61.3125,64.71875,68.125,71.53125,74.9375,78.34375,81.75,85.15625,88.5625,91.96875,95.375,98.78125,102.1875,105.59375,109],"_type":"histogram"},"test_acc":0.7083333333333334,"_runtime":181.477265591,"train_loss":0.7863661246963695,"train_acc":0.7432,"test_precision":0.7497261893589755,"val_precision":0.6711077211862921,"val_recall":0.6341666666666667,"run_id":"9caemjnt","test_f1":0.7127670063645776,"_step":9,"test_recall":0.7083333333333334,"_timestamp":1.7323224226907969e+09,"epoch":9,"validation_loss":1.1950392924427737}