{"test_acc":0.7958333333333333,"val_precision":0.8009199432303997,"run_id":"uf6nfdyv","val_f1":0.7899434103144295,"_timestamp":1.7323328085149803e+09,"epoch":9,"test_recall":0.7958333333333334,"val_recall":0.7891666666666666,"train_loss":1.034883097398281,"validation_loss":0.6648025966036709,"_wandb":{"runtime":190},"val_confusion_matrix":{"values":[69,8,5,3,2,1,1,1,0,0,0,0,0,0,0,0,0,0,0,0,0,0,2,1,2,1,1,1,0,1,0,1],"bins":[0,3.65625,7.3125,10.96875,14.625,18.28125,21.9375,25.59375,29.25,32.90625,36.5625,40.21875,43.875,47.53125,51.1875,54.84375,58.5,62.15625,65.8125,69.46875,73.125,76.78125,80.4375,84.09375,87.75,91.40625,95.0625,98.71875,102.375,106.03125,109.6875,113.34375,117],"_type":"histogram"},"test_confusion_matrix":{"values":[68,6,9,2,1,4,0,0,0,0,0,0,0,0,0,0,0,0,0,0,0,1,0,0,0,0,3,0,2,1,1,2],"bins":[0,3.40625,6.8125,10.21875,13.625,17.03125,20.4375,23.84375,27.25,30.65625,34.0625,37.46875,40.875,44.28125,47.6875,51.09375,54.5,57.90625,61.3125,64.71875,68.125,71.53125,74.9375,78.34375,81.75,85.15625,88.5625,91.96875,95.375,98.78125,102.1875,105.59375,109],"_type":"histogram"},"_runtime":190.35282068,"validation_acc":0.7891666666666667,"test_f1":0.799449314928904,"test_precision":0.8210988904317315,"_step":9,"train_acc":0.6622}