{"test_f1":0.7975856544512725,"train_loss":1.1144431563802422,"val_recall":0.76,"test_precision":0.8228179607472885,"_runtime":183.942924764,"train_acc":0.6292,"validation_loss":0.7423764302990943,"val_confusion_matrix":{"bins":[0,3.375,6.75,10.125,13.5,16.875,20.25,23.625,27,30.375,33.75,37.125,40.5,43.875,47.25,50.625,54,57.375,60.75,64.125,67.5,70.875,74.25,77.625,81,84.375,87.75,91.125,94.5,97.875,101.25,104.625,108],"_type":"histogram","values":[61,11,13,1,0,1,2,1,0,0,0,0,0,0,0,0,1,0,0,0,0,1,0,0,1,0,0,2,0,2,1,2]},"run_id":"gmkrnmi2","val_precision":0.7732419892969562,"test_recall":0.7958333333333333,"val_f1":0.758906677004171,"epoch":9,"_timestamp":1.7323235777146826e+09,"test_acc":0.7958333333333333,"test_confusion_matrix":{"_type":"histogram","values":[66,13,5,2,0,3,1,0,0,0,0,0,0,0,0,0,0,0,0,0,0,2,0,1,0,0,2,3,0,0,1,1],"bins":[0,3.59375,7.1875,10.78125,14.375,17.96875,21.5625,25.15625,28.75,32.34375,35.9375,39.53125,43.125,46.71875,50.3125,53.90625,57.5,61.09375,64.6875,68.28125,71.875,75.46875,79.0625,82.65625,86.25,89.84375,93.4375,97.03125,100.625,104.21875,107.8125,111.40625,115]},"validation_acc":0.76,"_step":9,"_wandb":{"runtime":183}}