{"test_acc":0.3,"test_recall":0.3,"val_confusion_matrix":{"_type":"histogram","values":[48,6,3,9,6,3,6,3,4,2,1,2,1,0,1,1,1,0,0,0,1,1,0,0,0,0,0,0,0,0,0,1],"bins":[0,3.25,6.5,9.75,13,16.25,19.5,22.75,26,29.25,32.5,35.75,39,42.25,45.5,48.75,52,55.25,58.5,61.75,65,68.25,71.5,74.75,78,81.25,84.5,87.75,91,94.25,97.5,100.75,104]},"test_confusion_matrix":{"values":[48,6,2,4,4,2,4,3,6,3,2,1,2,4,1,0,2,0,0,1,1,0,0,0,2,0,0,0,0,0,0,2],"bins":[0,2.40625,4.8125,7.21875,9.625,12.03125,14.4375,16.84375,19.25,21.65625,24.0625,26.46875,28.875,31.28125,33.6875,36.09375,38.5,40.90625,43.3125,45.71875,48.125,50.53125,52.9375,55.34375,57.75,60.15625,62.5625,64.96875,67.375,69.78125,72.1875,74.59375,77],"_type":"histogram"},"val_f1":0.2990520702397821,"test_precision":0.42818007801006475,"_step":9,"val_recall":0.33166666666666667,"validation_acc":0.33166666666666667,"run_id":"ib7lnoax","epoch":9,"train_acc":0.2694,"_runtime":190.262048693,"train_loss":2.0299377018651263,"val_precision":0.3417795390771316,"_timestamp":1.73232591261112e+09,"validation_loss":1.9285632417102654,"test_f1":0.27962260486984925,"_wandb":{"runtime":190}}