{"validation_acc":0.14666666666666667,"epoch":9,"test_recall":0.1791666666666667,"val_f1":0.11650507561148667,"train_loss":2.2303096221972116,"_timestamp":1.7323316158046296e+09,"test_confusion_matrix":{"values":[48,10,2,10,2,3,3,4,5,4,1,0,1,1,0,0,1,1,0,2,0,0,0,0,0,0,0,1,0,0,0,1],"bins":[0,3.125,6.25,9.375,12.5,15.625,18.75,21.875,25,28.125,31.25,34.375,37.5,40.625,43.75,46.875,50,53.125,56.25,59.375,62.5,65.625,68.75,71.875,75,78.125,81.25,84.375,87.5,90.625,93.75,96.875,100],"_type":"histogram"},"_wandb":{"runtime":187},"train_acc":0.1706,"val_confusion_matrix":{"_type":"histogram","values":[49,3,3,0,8,8,4,2,0,3,0,1,0,1,2,1,2,0,3,2,2,2,0,1,0,1,0,1,0,0,0,1],"bins":[0,2.1875,4.375,6.5625,8.75,10.9375,13.125,15.3125,17.5,19.6875,21.875,24.0625,26.25,28.4375,30.625,32.8125,35,37.1875,39.375,41.5625,43.75,45.9375,48.125,50.3125,52.5,54.6875,56.875,59.0625,61.25,63.4375,65.625,67.8125,70]},"test_f1":0.1270634497424268,"validation_loss":2.3436123504738013,"test_precision":0.10948847723867416,"_runtime":187.455394146,"_step":9,"test_acc":0.17916666666666667,"run_id":"tggvn2pk","val_recall":0.14666666666666667,"val_precision":0.1372375097281691}