{"test_precision":0.8449189731264648,"test_f1":0.8368744716320926,"validation_loss":0.5854369759519613,"val_recall":0.8108333333333333,"_runtime":198.818990238,"test_confusion_matrix":{"bins":[0,3.5625,7.125,10.6875,14.25,17.8125,21.375,24.9375,28.5,32.0625,35.625,39.1875,42.75,46.3125,49.875,53.4375,57,60.5625,64.125,67.6875,71.25,74.8125,78.375,81.9375,85.5,89.0625,92.625,96.1875,99.75,103.3125,106.875,110.4375,114],"_type":"histogram","values":[72,7,6,2,1,1,1,0,0,0,0,0,0,0,0,0,0,0,1,0,0,0,0,0,0,1,0,1,2,1,2,2]},"test_acc":0.8391666666666666,"train_acc":0.7042,"val_precision":0.8184581993670589,"val_f1":0.8103309360588773,"validation_acc":0.8108333333333333,"run_id":"3ziyqx1m","_step":9,"_wandb":{"runtime":198},"epoch":9,"test_recall":0.8391666666666667,"train_loss":0.9103341428235697,"val_confusion_matrix":{"_type":"histogram","values":[65,8,14,1,1,1,0,0,0,0,0,0,0,0,0,0,0,0,0,0,1,0,0,1,0,0,0,2,1,2,1,2],"bins":[0,3.46875,6.9375,10.40625,13.875,17.34375,20.8125,24.28125,27.75,31.21875,34.6875,38.15625,41.625,45.09375,48.5625,52.03125,55.5,58.96875,62.4375,65.90625,69.375,72.84375,76.3125,79.78125,83.25,86.71875,90.1875,93.65625,97.125,100.59375,104.0625,107.53125,111]},"_timestamp":1.7323129571723893e+09}