{"val_f1":0.8450418500224826,"validation_loss":0.49131834854153567,"_runtime":201.626900098,"test_confusion_matrix":{"_type":"histogram","values":[74,6,5,2,1,2,0,0,0,0,0,0,0,0,0,0,0,1,0,0,0,0,0,0,1,1,2,1,2,0,1,1],"bins":[0,3.75,7.5,11.25,15,18.75,22.5,26.25,30,33.75,37.5,41.25,45,48.75,52.5,56.25,60,63.75,67.5,71.25,75,78.75,82.5,86.25,90,93.75,97.5,101.25,105,108.75,112.5,116.25,120]},"validation_acc":0.8433333333333334,"train_acc":0.7116,"val_recall":0.8433333333333334,"val_precision":0.8526986164933164,"test_acc":0.8391666666666666,"val_confusion_matrix":{"values":[71,5,12,2,0,0,0,0,0,0,0,0,0,0,0,0,0,0,0,0,0,0,0,0,1,2,0,3,1,2,0,1],"bins":[0,3.65625,7.3125,10.96875,14.625,18.28125,21.9375,25.59375,29.25,32.90625,36.5625,40.21875,43.875,47.53125,51.1875,54.84375,58.5,62.15625,65.8125,69.46875,73.125,76.78125,80.4375,84.09375,87.75,91.40625,95.0625,98.71875,102.375,106.03125,109.6875,113.34375,117],"_type":"histogram"},"test_f1":0.8403211418825982,"test_precision":0.8618411918273428,"_step":9,"train_loss":0.888304445833063,"epoch":9,"_wandb":{"runtime":201},"run_id":"xeo0ln6d","_timestamp":1.7323104678460894e+09,"test_recall":0.8391666666666667}