{"val_recall":0.2341666666666667,"_timestamp":1.7323335472900906e+09,"train_acc":0.2516,"_runtime":176.397805131,"val_precision":0.2366709743703188,"validation_acc":0.23416666666666666,"test_acc":0.2891666666666667,"val_confusion_matrix":{"_type":"histogram","values":[35,9,4,5,13,1,3,2,7,2,1,1,4,2,2,3,0,2,1,0,0,2,0,0,0,0,0,0,0,0,0,1],"bins":[0,2.28125,4.5625,6.84375,9.125,11.40625,13.6875,15.96875,18.25,20.53125,22.8125,25.09375,27.375,29.65625,31.9375,34.21875,36.5,38.78125,41.0625,43.34375,45.625,47.90625,50.1875,52.46875,54.75,57.03125,59.3125,61.59375,63.875,66.15625,68.4375,70.71875,73]},"_step":9,"test_precision":0.36159522670754857,"epoch":9,"_wandb":{"runtime":176},"test_f1":0.2755314756252833,"validation_loss":2.1252471090387552,"run_id":"9p4cew02","test_confusion_matrix":{"bins":[0,2.25,4.5,6.75,9,11.25,13.5,15.75,18,20.25,22.5,24.75,27,29.25,31.5,33.75,36,38.25,40.5,42.75,45,47.25,49.5,51.75,54,56.25,58.5,60.75,63,65.25,67.5,69.75,72],"_type":"histogram","values":[41,4,6,4,10,3,4,3,5,4,0,1,0,1,0,2,2,3,1,1,0,1,2,0,0,0,0,0,1,0,0,1]},"test_recall":0.2891666666666666,"val_f1":0.21913120814327708,"train_loss":2.024391598339322}