{"run_id":"k1wygaqu","test_acc":0.8083333333333333,"train_loss":0.9241122259835529,"_wandb":{"runtime":189},"test_f1":0.8058215536145171,"val_f1":0.7561704235915108,"_step":9,"val_precision":0.7735675812181565,"_timestamp":1.732328670921794e+09,"val_confusion_matrix":{"_type":"histogram","values":[64,7,15,0,0,2,2,0,0,0,0,0,0,1,0,0,0,0,0,1,1,1,0,0,0,2,1,0,1,1,0,1],"bins":[0,3.75,7.5,11.25,15,18.75,22.5,26.25,30,33.75,37.5,41.25,45,48.75,52.5,56.25,60,63.75,67.5,71.25,75,78.75,82.5,86.25,90,93.75,97.5,101.25,105,108.75,112.5,116.25,120]},"test_precision":0.8156223550605526,"epoch":9,"_runtime":189.783581764,"train_acc":0.7072,"val_recall":0.7633333333333333,"validation_acc":0.7633333333333333,"test_confusion_matrix":{"_type":"histogram","values":[68,8,9,3,0,2,0,0,0,0,0,0,0,0,0,0,0,0,0,0,1,1,0,0,1,0,1,1,1,0,0,4],"bins":[0,3.53125,7.0625,10.59375,14.125,17.65625,21.1875,24.71875,28.25,31.78125,35.3125,38.84375,42.375,45.90625,49.4375,52.96875,56.5,60.03125,63.5625,67.09375,70.625,74.15625,77.6875,81.21875,84.75,88.28125,91.8125,95.34375,98.875,102.40625,105.9375,109.46875,113]},"test_recall":0.8083333333333332,"validation_loss":0.7328417543040223}