{"val_recall":0.26166666666666666,"test_acc":0.30916666666666665,"validation_acc":0.26166666666666666,"run_id":"82yuq3oh","test_recall":0.3091666666666667,"_step":9,"validation_loss":1.9787793723808136,"val_f1":0.24691159787737088,"test_confusion_matrix":{"_type":"histogram","values":[40,7,2,3,9,7,4,2,1,5,4,2,3,0,1,2,0,0,0,0,1,1,0,1,0,0,1,1,0,0,1,2],"bins":[0,2.09375,4.1875,6.28125,8.375,10.46875,12.5625,14.65625,16.75,18.84375,20.9375,23.03125,25.125,27.21875,29.3125,31.40625,33.5,35.59375,37.6875,39.78125,41.875,43.96875,46.0625,48.15625,50.25,52.34375,54.4375,56.53125,58.625,60.71875,62.8125,64.90625,67]},"test_f1":0.27936165342439595,"val_confusion_matrix":{"values":[41,8,6,10,3,2,2,8,1,2,1,3,2,3,1,1,0,2,1,0,0,0,2,0,0,0,0,0,0,0,0,1],"bins":[0,2.53125,5.0625,7.59375,10.125,12.65625,15.1875,17.71875,20.25,22.78125,25.3125,27.84375,30.375,32.90625,35.4375,37.96875,40.5,43.03125,45.5625,48.09375,50.625,53.15625,55.6875,58.21875,60.75,63.28125,65.8125,68.34375,70.875,73.40625,75.9375,78.46875,81],"_type":"histogram"},"_wandb":{"runtime":195},"_timestamp":1.7323113245985358e+09,"train_acc":0.2664,"train_loss":2.0163366786993233,"val_precision":0.2553262155865116,"_runtime":195.05804911,"epoch":9,"test_precision":0.28672908327546354}