{"val_precision":0.7113433340331657,"val_confusion_matrix":{"bins":[0,3.53125,7.0625,10.59375,14.125,17.65625,21.1875,24.71875,28.25,31.78125,35.3125,38.84375,42.375,45.90625,49.4375,52.96875,56.5,60.03125,63.5625,67.09375,70.625,74.15625,77.6875,81.21875,84.75,88.28125,91.8125,95.34375,98.875,102.40625,105.9375,109.46875,113],"_type":"histogram","values":[58,10,11,2,2,3,0,1,3,0,0,0,0,0,1,0,1,0,0,1,1,1,2,1,0,0,0,0,0,0,0,2]},"test_recall":0.7725000000000001,"epoch":9,"train_acc":0.655,"validation_acc":0.6608333333333334,"test_confusion_matrix":{"bins":[0,3.4375,6.875,10.3125,13.75,17.1875,20.625,24.0625,27.5,30.9375,34.375,37.8125,41.25,44.6875,48.125,51.5625,55,58.4375,61.875,65.3125,68.75,72.1875,75.625,79.0625,82.5,85.9375,89.375,92.8125,96.25,99.6875,103.125,106.5625,110],"_type":"histogram","values":[67,5,12,1,2,2,1,0,0,0,0,0,0,0,0,0,0,0,0,0,1,0,1,1,0,1,1,1,0,1,1,2]},"_runtime":201.527689554,"_step":9,"_wandb":{"runtime":201},"run_id":"u641s5w8","test_precision":0.7834047095713423,"val_recall":0.6608333333333334,"test_f1":0.7719685292124296,"train_loss":1.0586187398662201,"val_f1":0.6676227938297887,"_timestamp":1.732319004495997e+09,"validation_loss":0.9368184858835094,"test_acc":0.7725}