{"validation_acc":0.695,"validation_loss":0.8605265831783557,"_runtime":174.922385242,"run_id":"ry22j7ti","_timestamp":1.7323358224217255e+09,"test_confusion_matrix":{"bins":[0,3.4375,6.875,10.3125,13.75,17.1875,20.625,24.0625,27.5,30.9375,34.375,37.8125,41.25,44.6875,48.125,51.5625,55,58.4375,61.875,65.3125,68.75,72.1875,75.625,79.0625,82.5,85.9375,89.375,92.8125,96.25,99.6875,103.125,106.5625,110],"_type":"histogram","values":[62,8,11,0,2,2,2,0,0,2,1,0,0,1,0,0,0,0,0,1,0,1,1,0,1,0,3,0,0,1,0,1]},"_step":9,"val_precision":0.7674701767328737,"train_loss":0.8831729715383505,"val_f1":0.7154244915953323,"test_precision":0.769106136677529,"test_recall":0.6958333333333333,"test_acc":0.6958333333333333,"val_recall":0.6950000000000001,"train_acc":0.7136,"_wandb":{"runtime":174},"epoch":9,"val_confusion_matrix":{"values":[63,8,3,6,4,0,1,2,1,1,0,0,0,1,0,0,0,0,0,1,0,0,1,1,2,1,0,0,2,0,0,2],"bins":[0,3.1875,6.375,9.5625,12.75,15.9375,19.125,22.3125,25.5,28.6875,31.875,35.0625,38.25,41.4375,44.625,47.8125,51,54.1875,57.375,60.5625,63.75,66.9375,70.125,73.3125,76.5,79.6875,82.875,86.0625,89.25,92.4375,95.625,98.8125,102],"_type":"histogram"},"test_f1":0.7081913819397823}