{"run_id":"1v0iz6fc","val_precision":0.8180914106896828,"_wandb":{"runtime":174},"test_recall":0.8625,"train_loss":0.8855821985727662,"val_recall":0.8074999999999999,"val_confusion_matrix":{"values":[67,9,10,1,1,2,0,0,0,0,0,0,0,0,0,0,0,0,0,0,0,2,1,0,0,1,0,3,1,0,1,1],"bins":[0,3.65625,7.3125,10.96875,14.625,18.28125,21.9375,25.59375,29.25,32.90625,36.5625,40.21875,43.875,47.53125,51.1875,54.84375,58.5,62.15625,65.8125,69.46875,73.125,76.78125,80.4375,84.09375,87.75,91.40625,95.0625,98.71875,102.375,106.03125,109.6875,113.34375,117],"_type":"histogram"},"_runtime":174.076962484,"_step":9,"test_acc":0.8625,"_timestamp":1.7323385101791515e+09,"test_confusion_matrix":{"values":[77,5,4,1,1,2,0,0,0,0,0,0,0,0,0,0,0,0,0,0,0,0,0,0,0,2,3,0,4,0,0,1],"bins":[0,3.75,7.5,11.25,15,18.75,22.5,26.25,30,33.75,37.5,41.25,45,48.75,52.5,56.25,60,63.75,67.5,71.25,75,78.75,82.5,86.25,90,93.75,97.5,101.25,105,108.75,112.5,116.25,120],"_type":"histogram"},"validation_loss":0.6457003418986793,"test_precision":0.8684623602842884,"epoch":9,"val_f1":0.8063529840694041,"train_acc":0.7146,"test_f1":0.8626729115935567,"validation_acc":0.8075}