{"val_precision":0.41633459739783785,"test_recall":0.495,"test_acc":0.495,"_runtime":313.001166716,"val_recall":0.3575,"run_id":"zompywiq","val_f1":0.33725024667157133,"train_acc":0.393,"test_confusion_matrix":{"_type":"histogram","values":[51,1,11,14,2,2,5,1,1,3,0,0,1,0,0,0,2,0,1,0,0,0,0,0,1,0,1,0,1,0,0,2],"bins":[0,3.125,6.25,9.375,12.5,15.625,18.75,21.875,25,28.125,31.25,34.375,37.5,40.625,43.75,46.875,50,53.125,56.25,59.375,62.5,65.625,68.75,71.875,75,78.125,81.25,84.375,87.5,90.625,93.75,96.875,100]},"validation_loss":1.8934119510262584,"_timestamp":1.7323743443404672e+09,"validation_acc":0.3575,"_step":9,"train_loss":1.7364623833306227,"test_f1":0.45628676282002123,"_wandb":{"runtime":314},"val_confusion_matrix":{"values":[42,6,5,7,10,1,2,1,5,3,1,2,4,3,1,0,1,0,2,0,1,0,0,0,0,0,0,0,1,1,0,1],"bins":[0,2.4375,4.875,7.3125,9.75,12.1875,14.625,17.0625,19.5,21.9375,24.375,26.8125,29.25,31.6875,34.125,36.5625,39,41.4375,43.875,46.3125,48.75,51.1875,53.625,56.0625,58.5,60.9375,63.375,65.8125,68.25,70.6875,73.125,75.5625,78],"_type":"histogram"},"epoch":9,"test_precision":0.5256486478686003}