{"train_acc":0.1708,"_step":9,"_timestamp":1.7323155068772945e+09,"val_recall":0.17416666666666666,"test_precision":0.08344614642538277,"train_loss":2.2422958324432374,"test_recall":0.16166666666666668,"val_f1":0.10818493053745577,"val_confusion_matrix":{"bins":[0,3.3125,6.625,9.9375,13.25,16.5625,19.875,23.1875,26.5,29.8125,33.125,36.4375,39.75,43.0625,46.375,49.6875,53,56.3125,59.625,62.9375,66.25,69.5625,72.875,76.1875,79.5,82.8125,86.125,89.4375,92.75,96.0625,99.375,102.6875,106],"_type":"histogram","values":[58,1,0,8,3,2,6,3,1,5,2,2,4,1,0,1,0,1,1,0,0,0,0,0,0,0,0,0,0,0,0,1]},"test_acc":0.16166666666666665,"test_f1":0.10318085332762102,"_runtime":220.752207398,"run_id":"scz7133p","_wandb":{"runtime":220},"epoch":9,"validation_acc":0.17416666666666666,"validation_loss":2.212440153757731,"test_confusion_matrix":{"_type":"histogram","values":[56,2,0,3,4,7,1,5,3,0,3,2,0,0,2,2,1,2,1,2,0,1,2,0,0,0,0,0,0,0,0,1],"bins":[0,2.59375,5.1875,7.78125,10.375,12.96875,15.5625,18.15625,20.75,23.34375,25.9375,28.53125,31.125,33.71875,36.3125,38.90625,41.5,44.09375,46.6875,49.28125,51.875,54.46875,57.0625,59.65625,62.25,64.84375,67.4375,70.03125,72.625,75.21875,77.8125,80.40625,83]},"val_precision":0.08458235720492889}