{"_timestamp":1.7323342950959253e+09,"run_id":"63f2y15c","_wandb":{"runtime":195},"val_recall":0.6533333333333333,"train_loss":1.3045081067562103,"val_confusion_matrix":{"bins":[0,3.125,6.25,9.375,12.5,15.625,18.75,21.875,25,28.125,31.25,34.375,37.5,40.625,43.75,46.875,50,53.125,56.25,59.375,62.5,65.625,68.75,71.875,75,78.125,81.25,84.375,87.5,90.625,93.75,96.875,100],"_type":"histogram","values":[53,9,7,11,1,5,3,0,1,0,0,0,0,0,0,1,0,0,0,0,1,0,0,3,0,0,2,1,0,0,0,2]},"test_precision":0.7077973386500371,"epoch":9,"test_confusion_matrix":{"bins":[0,3.625,7.25,10.875,14.5,18.125,21.75,25.375,29,32.625,36.25,39.875,43.5,47.125,50.75,54.375,58,61.625,65.25,68.875,72.5,76.125,79.75,83.375,87,90.625,94.25,97.875,101.5,105.125,108.75,112.375,116],"_type":"histogram","values":[57,10,13,4,3,1,1,1,0,0,0,0,0,0,0,0,0,1,1,0,3,0,0,2,0,1,1,0,0,0,0,1]},"_step":9,"val_precision":0.6701411480694713,"test_acc":0.6908333333333333,"_runtime":195.083854966,"val_f1":0.6513940285571342,"train_acc":0.5646,"test_f1":0.6892897685769868,"test_recall":0.6908333333333335,"validation_acc":0.6533333333333333,"validation_loss":0.9882612963472396}