{"_runtime":198.492970863,"train_acc":0.6772,"run_id":"fanbxjd6","val_f1":0.813461365322534,"_step":9,"validation_loss":0.6619713176737181,"test_recall":0.7949999999999999,"test_acc":0.795,"train_loss":0.9850359259137682,"_wandb":{"runtime":198},"test_confusion_matrix":{"_type":"histogram","values":[65,7,14,1,0,2,1,0,0,0,0,0,0,1,0,0,0,0,0,0,0,1,0,1,0,0,3,1,1,1,0,1],"bins":[0,3.75,7.5,11.25,15,18.75,22.5,26.25,30,33.75,37.5,41.25,45,48.75,52.5,56.25,60,63.75,67.5,71.25,75,78.75,82.5,86.25,90,93.75,97.5,101.25,105,108.75,112.5,116.25,120]},"test_precision":0.8277109877987693,"val_confusion_matrix":{"bins":[0,3.5,7,10.5,14,17.5,21,24.5,28,31.5,35,38.5,42,45.5,49,52.5,56,59.5,63,66.5,70,73.5,77,80.5,84,87.5,91,94.5,98,101.5,105,108.5,112],"_type":"histogram","values":[72,5,5,2,3,3,0,0,0,0,0,0,0,0,0,0,0,0,0,1,0,0,0,0,0,1,2,0,2,0,3,1]},"_timestamp":1.7323179775098524e+09,"validation_acc":0.8133333333333334,"epoch":9,"test_f1":0.792100125118661,"val_recall":0.8133333333333335,"val_precision":0.8243006828506214}