{"test_precision":0.5152308652208476,"_wandb":{"runtime":301},"test_recall":0.49833333333333324,"train_acc":0.5094,"test_acc":0.49833333333333335,"_timestamp":1.7323695954428647e+09,"run_id":"7ioxoyr7","test_confusion_matrix":{"_type":"histogram","values":[44,6,5,15,5,5,2,6,0,1,1,1,1,0,0,0,0,1,0,0,0,0,1,1,2,0,1,0,0,1,0,1],"bins":[0,2.78125,5.5625,8.34375,11.125,13.90625,16.6875,19.46875,22.25,25.03125,27.8125,30.59375,33.375,36.15625,38.9375,41.71875,44.5,47.28125,50.0625,52.84375,55.625,58.40625,61.1875,63.96875,66.75,69.53125,72.3125,75.09375,77.875,80.65625,83.4375,86.21875,89]},"val_precision":0.44580652118048203,"val_recall":0.4633333333333334,"train_loss":1.445119295150611,"val_confusion_matrix":{"_type":"histogram","values":[44,10,4,12,7,2,3,3,1,2,1,3,0,1,2,0,0,0,0,0,0,0,0,1,0,0,0,1,0,0,1,2],"bins":[0,2.90625,5.8125,8.71875,11.625,14.53125,17.4375,20.34375,23.25,26.15625,29.0625,31.96875,34.875,37.78125,40.6875,43.59375,46.5,49.40625,52.3125,55.21875,58.125,61.03125,63.9375,66.84375,69.75,72.65625,75.5625,78.46875,81.375,84.28125,87.1875,90.09375,93]},"epoch":9,"test_f1":0.47678684051319137,"_runtime":300.224687243,"val_f1":0.4269687861283492,"validation_loss":1.5054823505488457,"_step":9,"validation_acc":0.4633333333333333}