{"train_loss":2.2415296612456204,"epoch":9,"test_recall":0.2625,"test_precision":0.2052916101911669,"val_precision":0.09874318596907618,"_step":9,"run_id":"xyvfhlaw","validation_loss":2.252513171931108,"val_confusion_matrix":{"_type":"histogram","values":[42,3,10,5,10,2,2,2,6,1,2,3,1,2,0,0,2,0,1,0,2,0,1,0,0,0,0,0,1,1,0,1],"bins":[0,2.5,5,7.5,10,12.5,15,17.5,20,22.5,25,27.5,30,32.5,35,37.5,40,42.5,45,47.5,50,52.5,55,57.5,60,62.5,65,67.5,70,72.5,75,77.5,80]},"test_confusion_matrix":{"values":[50,8,11,3,3,5,4,2,1,1,1,2,1,2,1,0,1,1,1,0,0,0,1,0,0,0,0,0,0,0,0,1],"bins":[0,3.4375,6.875,10.3125,13.75,17.1875,20.625,24.0625,27.5,30.9375,34.375,37.8125,41.25,44.6875,48.125,51.5625,55,58.4375,61.875,65.3125,68.75,72.1875,75.625,79.0625,82.5,85.9375,89.375,92.8125,96.25,99.6875,103.125,106.5625,110],"_type":"histogram"},"val_f1":0.09399405734291615,"test_acc":0.2625,"_runtime":203.099917404,"test_f1":0.20680016282601948,"_wandb":{"runtime":203},"validation_acc":0.12666666666666668,"val_recall":0.12666666666666668,"train_acc":0.1534,"_timestamp":1.732307536655928e+09}