{"validation_loss":0.9205061914179229,"val_precision":0.7104273772921895,"val_recall":0.7008333333333334,"_runtime":193.23311661,"val_f1":0.6869121770091595,"_timestamp":1.7323177751658275e+09,"validation_acc":0.7008333333333333,"test_recall":0.7225,"train_acc":0.6962,"test_confusion_matrix":{"bins":[0,3.4375,6.875,10.3125,13.75,17.1875,20.625,24.0625,27.5,30.9375,34.375,37.8125,41.25,44.6875,48.125,51.5625,55,58.4375,61.875,65.3125,68.75,72.1875,75.625,79.0625,82.5,85.9375,89.375,92.8125,96.25,99.6875,103.125,106.5625,110],"_type":"histogram","values":[63,8,8,5,0,1,3,1,0,1,0,0,0,0,0,0,0,0,1,1,1,1,0,0,0,1,0,2,0,1,1,1]},"test_f1":0.7218004825408201,"val_confusion_matrix":{"bins":[0,3.5625,7.125,10.6875,14.25,17.8125,21.375,24.9375,28.5,32.0625,35.625,39.1875,42.75,46.3125,49.875,53.4375,57,60.5625,64.125,67.6875,71.25,74.8125,78.375,81.9375,85.5,89.0625,92.625,96.1875,99.75,103.3125,106.875,110.4375,114],"_type":"histogram","values":[62,9,8,5,3,1,0,0,0,0,3,1,0,0,0,0,0,0,0,0,0,1,0,1,0,2,0,0,2,0,1,1]},"_wandb":{"runtime":193},"_step":9,"epoch":9,"run_id":"uguqlq75","test_precision":0.7563100217340173,"train_loss":0.928243941773241,"test_acc":0.7225}