{"validation_acc":0.7516666666666667,"train_loss":0.768421518651745,"train_acc":0.7542,"test_confusion_matrix":{"bins":[0,3.40625,6.8125,10.21875,13.625,17.03125,20.4375,23.84375,27.25,30.65625,34.0625,37.46875,40.875,44.28125,47.6875,51.09375,54.5,57.90625,61.3125,64.71875,68.125,71.53125,74.9375,78.34375,81.75,85.15625,88.5625,91.96875,95.375,98.78125,102.1875,105.59375,109],"_type":"histogram","values":[67,4,12,2,2,3,0,0,0,0,0,0,0,0,0,0,0,0,0,0,0,0,0,2,2,1,0,0,0,2,0,3]},"_timestamp":1.7323388787155633e+09,"test_precision":0.802696323937252,"val_recall":0.7516666666666667,"test_acc":0.7791666666666667,"run_id":"4qk87e0a","_runtime":175.153030447,"validation_loss":0.741187841393621,"val_f1":0.74653313936815,"_wandb":{"runtime":175},"test_recall":0.7791666666666666,"test_f1":0.781431811006355,"epoch":9,"_step":9,"val_confusion_matrix":{"_type":"histogram","values":[65,11,7,1,3,1,0,1,1,0,0,0,0,0,1,0,0,0,1,0,0,0,2,0,0,2,2,0,0,1,0,1],"bins":[0,3.71875,7.4375,11.15625,14.875,18.59375,22.3125,26.03125,29.75,33.46875,37.1875,40.90625,44.625,48.34375,52.0625,55.78125,59.5,63.21875,66.9375,70.65625,74.375,78.09375,81.8125,85.53125,89.25,92.96875,96.6875,100.40625,104.125,107.84375,111.5625,115.28125,119]},"val_precision":0.7640330769874764}