{"validation_loss":2.091988167238111,"train_acc":0.2186,"test_recall":0.21083333333333334,"train_loss":2.1116211757111474,"test_acc":0.21083333333333334,"val_precision":0.1707751020312584,"test_f1":0.18650162081462346,"val_f1":0.15549316773861913,"_wandb":{"runtime":191},"run_id":"w0k7btgc","test_precision":0.2288749187743003,"_timestamp":1.7323233890695574e+09,"test_confusion_matrix":{"values":[50,7,4,8,2,4,3,6,0,1,2,0,1,2,1,0,1,1,0,2,0,1,2,0,0,0,0,0,0,0,1,1],"bins":[0,2.78125,5.5625,8.34375,11.125,13.90625,16.6875,19.46875,22.25,25.03125,27.8125,30.59375,33.375,36.15625,38.9375,41.71875,44.5,47.28125,50.0625,52.84375,55.625,58.40625,61.1875,63.96875,66.75,69.53125,72.3125,75.09375,77.875,80.65625,83.4375,86.21875,89],"_type":"histogram"},"epoch":9,"val_recall":0.17333333333333334,"validation_acc":0.17333333333333334,"_runtime":191.728073889,"val_confusion_matrix":{"bins":[0,2,4,6,8,10,12,14,16,18,20,22,24,26,28,30,32,34,36,38,40,42,44,46,48,50,52,54,56,58,60,62,64],"_type":"histogram","values":[34,6,9,8,2,10,3,3,2,3,3,0,1,1,0,2,1,0,1,1,2,2,1,0,0,0,0,0,0,0,2,3]},"_step":9}