{"_runtime":191.120585428,"run_id":"xrq3xdcz","epoch":9,"validation_acc":0.225,"val_confusion_matrix":{"bins":[0,2.1875,4.375,6.5625,8.75,10.9375,13.125,15.3125,17.5,19.6875,21.875,24.0625,26.25,28.4375,30.625,32.8125,35,37.1875,39.375,41.5625,43.75,45.9375,48.125,50.3125,52.5,54.6875,56.875,59.0625,61.25,63.4375,65.625,67.8125,70],"_type":"histogram","values":[42,3,5,2,13,5,1,1,4,5,3,2,0,2,0,1,1,3,1,1,0,0,0,1,1,0,1,1,0,0,0,1]},"val_f1":0.19828517049038125,"test_confusion_matrix":{"values":[49,4,6,10,4,3,3,5,0,3,4,3,0,0,0,0,2,0,0,1,1,0,0,0,1,0,0,0,0,0,0,1],"bins":[0,3.125,6.25,9.375,12.5,15.625,18.75,21.875,25,28.125,31.25,34.375,37.5,40.625,43.75,46.875,50,53.125,56.25,59.375,62.5,65.625,68.75,71.875,75,78.125,81.25,84.375,87.5,90.625,93.75,96.875,100],"_type":"histogram"},"val_precision":0.27600740269642665,"test_precision":0.22346974121510574,"_step":9,"train_acc":0.269,"test_f1":0.23167469003605765,"_timestamp":1.7323292621823914e+09,"test_acc":0.29083333333333333,"test_recall":0.2908333333333334,"val_recall":0.225,"_wandb":{"runtime":191},"validation_loss":2.2201296955347063,"train_loss":2.0200091074830806}