{"test_recall":0.8233333333333333,"validation_acc":0.8458333333333333,"validation_loss":0.5573497118074404,"test_acc":0.8233333333333334,"val_precision":0.8664226001142794,"epoch":9,"val_confusion_matrix":{"values":[75,4,7,3,0,0,0,0,0,1,0,0,0,0,0,0,0,0,0,0,1,0,0,0,1,0,0,2,1,2,2,1],"bins":[0,3.625,7.25,10.875,14.5,18.125,21.75,25.375,29,32.625,36.25,39.875,43.5,47.125,50.75,54.375,58,61.625,65.25,68.875,72.5,76.125,79.75,83.375,87,90.625,94.25,97.875,101.5,105.125,108.75,112.375,116],"_type":"histogram"},"val_recall":0.8458333333333334,"test_f1":0.8267440846654196,"_timestamp":1.7323337258399706e+09,"train_loss":0.8242934763811196,"test_precision":0.8412767647891057,"_step":9,"val_f1":0.8482136054962466,"run_id":"6reevs5e","test_confusion_matrix":{"bins":[0,3.53125,7.0625,10.59375,14.125,17.65625,21.1875,24.71875,28.25,31.78125,35.3125,38.84375,42.375,45.90625,49.4375,52.96875,56.5,60.03125,63.5625,67.09375,70.625,74.15625,77.6875,81.21875,84.75,88.28125,91.8125,95.34375,98.875,102.40625,105.9375,109.46875,113],"_type":"histogram","values":[73,4,7,1,2,3,0,0,0,0,0,0,0,0,0,0,0,0,0,0,0,0,0,1,0,2,0,1,3,1,1,1]},"_runtime":174.110453846,"train_acc":0.7348,"_wandb":{"runtime":174}}