{"validation_loss":0.788716484359443,"epoch":9,"val_precision":0.8060618412080629,"val_f1":0.7853105637552894,"test_recall":0.8341666666666667,"val_confusion_matrix":{"bins":[0,3.75,7.5,11.25,15,18.75,22.5,26.25,30,33.75,37.5,41.25,45,48.75,52.5,56.25,60,63.75,67.5,71.25,75,78.75,82.5,86.25,90,93.75,97.5,101.25,105,108.75,112.5,116.25,120],"_type":"histogram","values":[73,4,8,0,1,1,2,0,1,0,0,0,0,0,0,0,0,0,1,1,1,0,2,0,0,0,0,2,0,1,1,1]},"train_loss":0.7368048267273963,"_timestamp":1.7323360061314485e+09,"val_recall":0.7841666666666667,"train_acc":0.7644,"validation_acc":0.7841666666666667,"_runtime":177.59005558,"run_id":"spn0q79b","_step":9,"test_acc":0.8341666666666666,"test_confusion_matrix":{"bins":[0,3.71875,7.4375,11.15625,14.875,18.59375,22.3125,26.03125,29.75,33.46875,37.1875,40.90625,44.625,48.34375,52.0625,55.78125,59.5,63.21875,66.9375,70.65625,74.375,78.09375,81.8125,85.53125,89.25,92.96875,96.6875,100.40625,104.125,107.84375,111.5625,115.28125,119],"_type":"histogram","values":[75,3,5,2,2,2,1,0,0,0,0,0,0,0,0,0,0,0,0,0,0,2,0,0,1,2,1,0,0,1,1,2]},"_wandb":{"runtime":177},"test_f1":0.8367965602871654,"test_precision":0.8591581664915869}