{"_runtime":297.676760339,"val_confusion_matrix":{"_type":"histogram","values":[77,5,6,0,0,2,0,0,0,0,0,0,0,0,0,0,0,0,1,0,0,0,1,0,0,0,1,1,0,1,1,4],"bins":[0,3.75,7.5,11.25,15,18.75,22.5,26.25,30,33.75,37.5,41.25,45,48.75,52.5,56.25,60,63.75,67.5,71.25,75,78.75,82.5,86.25,90,93.75,97.5,101.25,105,108.75,112.5,116.25,120]},"train_loss":0.2672284011533306,"test_acc":0.9233333333333333,"validation_acc":0.8841666666666667,"_timestamp":1.732373705856615e+09,"test_recall":0.9233333333333332,"val_f1":0.8801944737132459,"_step":9,"test_f1":0.9232685529295264,"train_acc":0.918,"epoch":9,"run_id":"sflm7laf","test_confusion_matrix":{"bins":[0,3.75,7.5,11.25,15,18.75,22.5,26.25,30,33.75,37.5,41.25,45,48.75,52.5,56.25,60,63.75,67.5,71.25,75,78.75,82.5,86.25,90,93.75,97.5,101.25,105,108.75,112.5,116.25,120],"_type":"histogram","values":[82,3,4,0,0,1,0,0,0,0,0,0,0,0,0,0,0,0,0,0,0,0,0,0,0,0,2,0,1,3,2,2]},"_wandb":{"runtime":298},"val_recall":0.8841666666666667,"test_precision":0.9267240765122793,"validation_loss":0.6112056010482945,"val_precision":0.8933363504978354}