{"val_f1":0.21679351868291494,"test_recall":0.255,"_timestamp":1.7323270764409153e+09,"val_precision":0.23124526365703355,"validation_loss":2.0489566050780317,"val_recall":0.265,"_runtime":196.224561984,"_wandb":{"runtime":196},"epoch":9,"_step":9,"val_confusion_matrix":{"_type":"histogram","values":[48,9,5,8,6,0,0,5,0,1,2,1,1,1,2,1,1,1,0,1,0,1,0,2,1,1,0,0,0,0,1,1],"bins":[0,2.53125,5.0625,7.59375,10.125,12.65625,15.1875,17.71875,20.25,22.78125,25.3125,27.84375,30.375,32.90625,35.4375,37.96875,40.5,43.03125,45.5625,48.09375,50.625,53.15625,55.6875,58.21875,60.75,63.28125,65.8125,68.34375,70.875,73.40625,75.9375,78.46875,81]},"test_acc":0.255,"test_precision":0.34208489442656964,"run_id":"v1uqwdzl","train_loss":2.143767351722717,"test_confusion_matrix":{"_type":"histogram","values":[58,4,5,7,2,1,8,0,0,2,1,1,1,1,1,2,1,0,0,1,0,0,0,0,0,0,2,0,1,0,0,1],"bins":[0,3.15625,6.3125,9.46875,12.625,15.78125,18.9375,22.09375,25.25,28.40625,31.5625,34.71875,37.875,41.03125,44.1875,47.34375,50.5,53.65625,56.8125,59.96875,63.125,66.28125,69.4375,72.59375,75.75,78.90625,82.0625,85.21875,88.375,91.53125,94.6875,97.84375,101]},"validation_acc":0.265,"train_acc":0.2218,"test_f1":0.20411523769719925}