{"val_precision":0.1276393409942243,"validation_loss":2.208811686038971,"train_acc":0.1634,"val_recall":0.19,"_wandb":{"runtime":191},"_runtime":191.924704311,"validation_acc":0.19,"test_acc":0.24083333333333334,"test_precision":0.2235340308618316,"epoch":9,"val_confusion_matrix":{"bins":[0,3.0625,6.125,9.1875,12.25,15.3125,18.375,21.4375,24.5,27.5625,30.625,33.6875,36.75,39.8125,42.875,45.9375,49,52.0625,55.125,58.1875,61.25,64.3125,67.375,70.4375,73.5,76.5625,79.625,82.6875,85.75,88.8125,91.875,94.9375,98],"_type":"histogram","values":[57,5,3,7,0,1,7,2,3,3,0,3,1,0,1,1,0,2,0,0,0,0,0,1,0,0,0,1,0,0,1,1]},"test_f1":0.19749005743514697,"run_id":"bqqb03sq","_step":9,"test_recall":0.24083333333333337,"test_confusion_matrix":{"values":[61,2,1,6,2,1,4,4,0,2,5,1,1,1,2,1,0,1,0,0,1,0,1,0,0,0,0,0,0,1,1,1],"bins":[0,2.9375,5.875,8.8125,11.75,14.6875,17.625,20.5625,23.5,26.4375,29.375,32.3125,35.25,38.1875,41.125,44.0625,47,49.9375,52.875,55.8125,58.75,61.6875,64.625,67.5625,70.5,73.4375,76.375,79.3125,82.25,85.1875,88.125,91.0625,94],"_type":"histogram"},"_timestamp":1.7323100602530553e+09,"val_f1":0.13538754868405495,"train_loss":2.2279544741200943}