{"val_f1":0.6441228973555455,"val_confusion_matrix":{"bins":[0,3.40625,6.8125,10.21875,13.625,17.03125,20.4375,23.84375,27.25,30.65625,34.0625,37.46875,40.875,44.28125,47.6875,51.09375,54.5,57.90625,61.3125,64.71875,68.125,71.53125,74.9375,78.34375,81.75,85.15625,88.5625,91.96875,95.375,98.78125,102.1875,105.59375,109],"_type":"histogram","values":[54,12,9,5,2,6,0,1,1,0,1,0,0,0,0,0,2,0,0,0,0,0,0,2,1,1,0,0,1,0,1,1]},"_runtime":197.027176071,"train_acc":0.5764,"test_precision":0.7154111221011931,"train_loss":1.278019287776947,"epoch":9,"_wandb":{"runtime":197},"_timestamp":1.732339450189833e+09,"run_id":"rfxsr32v","validation_acc":0.6566666666666666,"val_precision":0.6602944903307981,"_step":9,"test_recall":0.6950000000000001,"test_confusion_matrix":{"bins":[0,3.3125,6.625,9.9375,13.25,16.5625,19.875,23.1875,26.5,29.8125,33.125,36.4375,39.75,43.0625,46.375,49.6875,53,56.3125,59.625,62.9375,66.25,69.5625,72.875,76.1875,79.5,82.8125,86.125,89.4375,92.75,96.0625,99.375,102.6875,106],"_type":"histogram","values":[62,7,8,6,0,2,2,1,0,1,0,1,0,0,0,0,0,1,0,0,1,1,0,0,1,1,1,2,0,1,0,1]},"validation_loss":1.1422012245406221,"val_recall":0.6566666666666666,"test_acc":0.695,"test_f1":0.69557868416175}