{"epoch":9,"train_loss":2.0838121297253167,"train_acc":0.2302,"test_recall":0.27666666666666667,"val_precision":0.3143126201733598,"val_confusion_matrix":{"_type":"histogram","values":[51,4,4,12,4,3,3,2,2,2,2,1,1,1,3,0,0,1,0,1,1,0,0,0,0,1,0,0,0,0,0,1],"bins":[0,3.125,6.25,9.375,12.5,15.625,18.75,21.875,25,28.125,31.25,34.375,37.5,40.625,43.75,46.875,50,53.125,56.25,59.375,62.5,65.625,68.75,71.875,75,78.125,81.25,84.375,87.5,90.625,93.75,96.875,100]},"_runtime":199.46802609,"_timestamp":1.7323117325478284e+09,"validation_loss":1.9146937284975623,"val_recall":0.29,"test_acc":0.27666666666666667,"test_confusion_matrix":{"bins":[0,3.34375,6.6875,10.03125,13.375,16.71875,20.0625,23.40625,26.75,30.09375,33.4375,36.78125,40.125,43.46875,46.8125,50.15625,53.5,56.84375,60.1875,63.53125,66.875,70.21875,73.5625,76.90625,80.25,83.59375,86.9375,90.28125,93.625,96.96875,100.3125,103.65625,107],"_type":"histogram","values":[49,7,9,5,4,8,0,3,4,3,1,0,1,0,0,0,1,2,0,1,0,1,0,0,0,0,0,0,0,0,0,1]},"_step":9,"test_f1":0.24804649567977516,"test_precision":0.3323737456714605,"_wandb":{"runtime":199},"validation_acc":0.29,"run_id":"z1glehw8","val_f1":0.24873189089221764}