{"test_precision":0.33104003495088963,"val_f1":0.26871883514002615,"val_precision":0.3657206654204106,"_step":9,"run_id":"p7xblcno","epoch":9,"_wandb":{"runtime":304},"val_recall":0.2875,"_runtime":303.016898835,"val_confusion_matrix":{"_type":"histogram","values":[34,6,4,3,9,5,5,4,5,5,3,3,4,4,1,0,1,1,0,0,0,0,0,1,0,0,0,1,0,0,0,1],"bins":[0,2.15625,4.3125,6.46875,8.625,10.78125,12.9375,15.09375,17.25,19.40625,21.5625,23.71875,25.875,28.03125,30.1875,32.34375,34.5,36.65625,38.8125,40.96875,43.125,45.28125,47.4375,49.59375,51.75,53.90625,56.0625,58.21875,60.375,62.53125,64.6875,66.84375,69]},"test_acc":0.37666666666666665,"_timestamp":1.7323715506376462e+09,"test_confusion_matrix":{"bins":[0,2.78125,5.5625,8.34375,11.125,13.90625,16.6875,19.46875,22.25,25.03125,27.8125,30.59375,33.375,36.15625,38.9375,41.71875,44.5,47.28125,50.0625,52.84375,55.625,58.40625,61.1875,63.96875,66.75,69.53125,72.3125,75.09375,77.875,80.65625,83.4375,86.21875,89],"_type":"histogram","values":[41,5,6,14,5,3,5,4,3,2,2,0,1,2,1,1,0,0,0,0,1,1,0,1,1,0,0,0,0,0,0,1]},"test_f1":0.3402735288688562,"test_recall":0.3766666666666666,"validation_loss":2.5775366541021505,"train_acc":0.3596,"train_loss":1.7997489880911912,"validation_acc":0.2875}