{"validation_loss":0.8348466886398456,"validation_acc":0.7133333333333334,"train_acc":0.7306,"val_f1":0.7062871085317886,"test_recall":0.7741666666666667,"test_precision":0.8259866606084583,"val_recall":0.7133333333333334,"epoch":9,"val_confusion_matrix":{"bins":[0,3.75,7.5,11.25,15,18.75,22.5,26.25,30,33.75,37.5,41.25,45,48.75,52.5,56.25,60,63.75,67.5,71.25,75,78.75,82.5,86.25,90,93.75,97.5,101.25,105,108.75,112.5,116.25,120],"_type":"histogram","values":[60,11,10,3,0,2,3,1,0,0,0,1,0,0,0,0,1,1,0,0,1,0,1,0,1,1,0,0,1,1,0,1]},"_step":9,"test_acc":0.7741666666666667,"val_precision":0.7649915108725663,"train_loss":0.8221951081782957,"test_f1":0.7753275202782627,"_runtime":180.177888626,"_timestamp":1.7323251169570363e+09,"_wandb":{"runtime":180},"run_id":"5ea2h3qw","test_confusion_matrix":{"values":[69,9,3,3,1,4,0,0,0,0,0,1,0,1,0,0,0,0,0,0,0,0,2,1,1,0,0,2,1,0,1,1],"bins":[0,3.6875,7.375,11.0625,14.75,18.4375,22.125,25.8125,29.5,33.1875,36.875,40.5625,44.25,47.9375,51.625,55.3125,59,62.6875,66.375,70.0625,73.75,77.4375,81.125,84.8125,88.5,92.1875,95.875,99.5625,103.25,106.9375,110.625,114.3125,118],"_type":"histogram"}}