{"test_acc":0.29083333333333333,"epoch":9,"validation_loss":2.0823810012268673,"val_confusion_matrix":{"values":[37,11,7,11,1,3,12,4,1,3,3,1,2,2,1,0,0,0,0,0,0,0,0,0,0,0,0,0,0,0,0,1],"bins":[0,3.09375,6.1875,9.28125,12.375,15.46875,18.5625,21.65625,24.75,27.84375,30.9375,34.03125,37.125,40.21875,43.3125,46.40625,49.5,52.59375,55.6875,58.78125,61.875,64.96875,68.0625,71.15625,74.25,77.34375,80.4375,83.53125,86.625,89.71875,92.8125,95.90625,99],"_type":"histogram"},"val_f1":0.21711655017736625,"val_recall":0.25083333333333335,"run_id":"499v0ar3","val_precision":0.3060507157013811,"_runtime":189.025899618,"test_precision":0.3088222632565124,"_timestamp":1.732329657800202e+09,"_step":9,"test_confusion_matrix":{"values":[39,6,6,6,13,2,6,2,2,2,2,1,2,2,0,2,0,1,1,1,0,1,0,0,1,0,0,0,1,0,0,1],"bins":[0,2.46875,4.9375,7.40625,9.875,12.34375,14.8125,17.28125,19.75,22.21875,24.6875,27.15625,29.625,32.09375,34.5625,37.03125,39.5,41.96875,44.4375,46.90625,49.375,51.84375,54.3125,56.78125,59.25,61.71875,64.1875,66.65625,69.125,71.59375,74.0625,76.53125,79],"_type":"histogram"},"validation_acc":0.25083333333333335,"train_acc":0.225,"test_f1":0.25045339757086815,"train_loss":2.123342044056414,"_wandb":{"runtime":189},"test_recall":0.29083333333333333}