{"train_acc":0.7362,"epoch":9,"test_precision":0.840457614002913,"test_acc":0.8091666666666667,"_wandb":{"runtime":178},"test_confusion_matrix":{"_type":"histogram","values":[73,2,6,3,3,2,0,1,0,0,0,0,0,0,0,0,0,0,0,0,1,0,0,0,1,0,1,0,1,2,2,2],"bins":[0,3.4375,6.875,10.3125,13.75,17.1875,20.625,24.0625,27.5,30.9375,34.375,37.8125,41.25,44.6875,48.125,51.5625,55,58.4375,61.875,65.3125,68.75,72.1875,75.625,79.0625,82.5,85.9375,89.375,92.8125,96.25,99.6875,103.125,106.5625,110]},"test_recall":0.8091666666666667,"validation_loss":0.6359803141397953,"val_f1":0.7828949108973251,"val_recall":0.7858333333333333,"train_loss":0.8088856346999542,"validation_acc":0.7858333333333334,"test_f1":0.8123020144368341,"val_precision":0.8125678633544064,"_step":9,"_timestamp":1.732323003559617e+09,"val_confusion_matrix":{"_type":"histogram","values":[69,8,7,2,1,1,1,0,0,1,0,0,0,0,0,1,0,0,0,0,1,1,0,0,1,1,1,1,0,2,0,1],"bins":[0,3.71875,7.4375,11.15625,14.875,18.59375,22.3125,26.03125,29.75,33.46875,37.1875,40.90625,44.625,48.34375,52.0625,55.78125,59.5,63.21875,66.9375,70.65625,74.375,78.09375,81.8125,85.53125,89.25,92.96875,96.6875,100.40625,104.125,107.84375,111.5625,115.28125,119]},"_runtime":178.233280471,"run_id":"bijvc9ys"}