{"run_id":"cvvtx11p","_timestamp":1.7323094373122892e+09,"val_recall":0.8058333333333334,"val_confusion_matrix":{"_type":"histogram","values":[70,6,9,0,2,3,0,0,0,0,0,0,0,0,2,0,0,0,0,0,0,0,0,0,0,0,2,2,1,1,0,2],"bins":[0,3.75,7.5,11.25,15,18.75,22.5,26.25,30,33.75,37.5,41.25,45,48.75,52.5,56.25,60,63.75,67.5,71.25,75,78.75,82.5,86.25,90,93.75,97.5,101.25,105,108.75,112.5,116.25,120]},"_step":9,"test_acc":0.8208333333333333,"test_precision":0.8401962649019868,"val_f1":0.7982198001288082,"test_confusion_matrix":{"bins":[0,3.59375,7.1875,10.78125,14.375,17.96875,21.5625,25.15625,28.75,32.34375,35.9375,39.53125,43.125,46.71875,50.3125,53.90625,57.5,61.09375,64.6875,68.28125,71.875,75.46875,79.0625,82.65625,86.25,89.84375,93.4375,97.03125,100.625,104.21875,107.8125,111.40625,115],"_type":"histogram","values":[74,6,4,1,1,2,1,0,1,0,0,0,0,0,0,0,0,0,0,1,0,0,0,0,1,0,0,4,2,0,1,1]},"val_precision":0.8104192328051646,"train_acc":0.7376,"validation_acc":0.8058333333333333,"test_recall":0.8208333333333334,"epoch":9,"test_f1":0.8227559269743173,"train_loss":0.7797813126995305,"validation_loss":0.6789290161654958,"_runtime":194.610083686,"_wandb":{"runtime":194}}