{"test_acc":0.7808333333333334,"train_acc":0.692,"_wandb":{"runtime":189},"val_recall":0.7691666666666667,"validation_loss":0.7307333293032434,"test_f1":0.7830273280851714,"validation_acc":0.7691666666666667,"_timestamp":1.7323314215513074e+09,"train_loss":0.9614319436869044,"epoch":9,"val_confusion_matrix":{"bins":[0,3.75,7.5,11.25,15,18.75,22.5,26.25,30,33.75,37.5,41.25,45,48.75,52.5,56.25,60,63.75,67.5,71.25,75,78.75,82.5,86.25,90,93.75,97.5,101.25,105,108.75,112.5,116.25,120],"_type":"histogram","values":[68,7,8,1,2,3,0,1,0,0,0,0,0,0,0,0,0,0,1,1,0,0,3,0,1,0,0,2,1,0,0,1]},"val_f1":0.7684274352485385,"_step":9,"test_confusion_matrix":{"bins":[0,3.40625,6.8125,10.21875,13.625,17.03125,20.4375,23.84375,27.25,30.65625,34.0625,37.46875,40.875,44.28125,47.6875,51.09375,54.5,57.90625,61.3125,64.71875,68.125,71.53125,74.9375,78.34375,81.75,85.15625,88.5625,91.96875,95.375,98.78125,102.1875,105.59375,109],"_type":"histogram","values":[69,7,6,3,1,2,0,0,1,1,0,0,0,0,0,0,0,0,0,0,0,0,1,1,2,0,0,1,0,2,0,3]},"run_id":"4etxfcj4","test_recall":0.7808333333333333,"val_precision":0.7908409819719859,"test_precision":0.8129902083973434,"_runtime":189.967241962}