{"_step":9,"val_f1":0.8664313614132414,"validation_loss":0.5934288085911276,"run_id":"jsc3024l","_runtime":302.391675997,"val_confusion_matrix":{"values":[73,4,11,1,1,0,0,0,0,0,0,0,0,0,0,0,0,0,0,0,0,0,0,1,0,0,0,0,2,1,2,4],"bins":[0,3.5,7,10.5,14,17.5,21,24.5,28,31.5,35,38.5,42,45.5,49,52.5,56,59.5,63,66.5,70,73.5,77,80.5,84,87.5,91,94.5,98,101.5,105,108.5,112],"_type":"histogram"},"_wandb":{"runtime":303},"test_confusion_matrix":{"bins":[0,3.75,7.5,11.25,15,18.75,22.5,26.25,30,33.75,37.5,41.25,45,48.75,52.5,56.25,60,63.75,67.5,71.25,75,78.75,82.5,86.25,90,93.75,97.5,101.25,105,108.75,112.5,116.25,120],"_type":"histogram","values":[75,6,6,1,1,1,0,0,0,0,0,0,0,0,0,0,0,0,0,0,1,0,0,0,2,0,0,1,2,0,1,3]},"test_acc":0.8725,"val_precision":0.8736708380572313,"val_recall":0.8658333333333333,"test_f1":0.8709189086752069,"validation_acc":0.8658333333333333,"test_recall":0.8724999999999999,"test_precision":0.8751921293628493,"_timestamp":1.7323718619026031e+09,"train_acc":0.9,"train_loss":0.30224940432294917,"epoch":9}