{"val_precision":0.07908869219180721,"test_precision":0.15916496066890168,"_wandb":{"runtime":189},"test_recall":0.25583333333333336,"val_confusion_matrix":{"values":[54,4,3,6,0,2,3,3,6,3,3,3,0,0,2,0,1,1,3,0,1,1,0,0,0,0,0,0,0,0,0,1],"bins":[0,2.8125,5.625,8.4375,11.25,14.0625,16.875,19.6875,22.5,25.3125,28.125,30.9375,33.75,36.5625,39.375,42.1875,45,47.8125,50.625,53.4375,56.25,59.0625,61.875,64.6875,67.5,70.3125,73.125,75.9375,78.75,81.5625,84.375,87.1875,90],"_type":"histogram"},"run_id":"x3vzazt5","epoch":9,"val_recall":0.17083333333333334,"_timestamp":1.7323400267552798e+09,"val_f1":0.10086832423250724,"test_confusion_matrix":{"bins":[0,3.09375,6.1875,9.28125,12.375,15.46875,18.5625,21.65625,24.75,27.84375,30.9375,34.03125,37.125,40.21875,43.3125,46.40625,49.5,52.59375,55.6875,58.78125,61.875,64.96875,68.0625,71.15625,74.25,77.34375,80.4375,83.53125,86.625,89.71875,92.8125,95.90625,99],"_type":"histogram","values":[61,2,2,8,1,3,1,2,3,5,2,0,1,0,0,1,0,0,1,2,1,0,2,0,0,0,0,0,0,1,0,1]},"test_acc":0.25583333333333336,"_runtime":189.186770718,"validation_acc":0.17083333333333334,"test_f1":0.16863080621406046,"train_acc":0.138,"validation_loss":2.2236107166608177,"_step":9,"train_loss":2.2689446462631224}