{"test_acc":0.46166666666666667,"validation_loss":1.8656775267686074,"epoch":9,"val_recall":0.33166666666666667,"train_loss":1.7849706501900395,"test_confusion_matrix":{"bins":[0,2.875,5.75,8.625,11.5,14.375,17.25,20.125,23,25.875,28.75,31.625,34.5,37.375,40.25,43.125,46,48.875,51.75,54.625,57.5,60.375,63.25,66.125,69,71.875,74.75,77.625,80.5,83.375,86.25,89.125,92],"_type":"histogram","values":[50,5,7,12,1,1,3,1,1,1,4,4,1,2,1,0,1,0,0,0,0,1,0,1,0,1,0,0,0,0,0,2]},"_runtime":181.283759859,"test_precision":0.5244508378762696,"val_f1":0.31423865219818864,"val_precision":0.40314525480892616,"_wandb":{"runtime":181},"test_recall":0.4616666666666667,"_timestamp":1.7323310347488585e+09,"val_confusion_matrix":{"_type":"histogram","values":[44,4,4,1,6,6,10,4,6,2,1,1,0,2,0,0,3,1,0,0,0,0,0,1,2,1,0,0,0,0,0,1],"bins":[0,2.4375,4.875,7.3125,9.75,12.1875,14.625,17.0625,19.5,21.9375,24.375,26.8125,29.25,31.6875,34.125,36.5625,39,41.4375,43.875,46.3125,48.75,51.1875,53.625,56.0625,58.5,60.9375,63.375,65.8125,68.25,70.6875,73.125,75.5625,78]},"train_acc":0.3668,"run_id":"kvuwlkv3","validation_acc":0.33166666666666667,"test_f1":0.4417341683857492,"_step":9}