{"validation_loss":1.7348991678558134,"run_id":"qgio9838","val_f1":0.39766809127181235,"train_loss":1.8324082641844537,"_timestamp":1.7323108926570725e+09,"_step":9,"val_confusion_matrix":{"bins":[0,2.40625,4.8125,7.21875,9.625,12.03125,14.4375,16.84375,19.25,21.65625,24.0625,26.46875,28.875,31.28125,33.6875,36.09375,38.5,40.90625,43.3125,45.71875,48.125,50.53125,52.9375,55.34375,57.75,60.15625,62.5625,64.96875,67.375,69.78125,72.1875,74.59375,77],"_type":"histogram","values":[38,8,9,4,11,6,0,3,1,3,2,1,2,2,1,0,1,1,0,1,1,0,1,0,1,0,0,2,0,0,0,1]},"val_recall":0.39,"_runtime":197.270789115,"_wandb":{"runtime":197},"val_precision":0.47864543266127646,"train_acc":0.3452,"test_recall":0.45499999999999996,"test_f1":0.4326674638621134,"validation_acc":0.39,"epoch":9,"test_confusion_matrix":{"bins":[0,2.875,5.75,8.625,11.5,14.375,17.25,20.125,23,25.875,28.75,31.625,34.5,37.375,40.25,43.125,46,48.875,51.75,54.625,57.5,60.375,63.25,66.125,69,71.875,74.75,77.625,80.5,83.375,86.25,89.125,92],"_type":"histogram","values":[41,11,10,10,3,4,6,1,0,1,2,2,0,1,0,0,1,1,0,0,1,1,0,0,1,0,1,0,0,1,0,1]},"test_acc":0.455,"test_precision":0.4664369328473591}