{"test_precision":0.05556035696598336,"_step":9,"val_confusion_matrix":{"_type":"histogram","values":[74,0,2,5,1,2,1,0,0,1,1,1,0,2,1,0,0,0,1,0,1,0,0,0,1,2,1,0,1,0,0,2],"bins":[0,3.40625,6.8125,10.21875,13.625,17.03125,20.4375,23.84375,27.25,30.65625,34.0625,37.46875,40.875,44.28125,47.6875,51.09375,54.5,57.90625,61.3125,64.71875,68.125,71.53125,74.9375,78.34375,81.75,85.15625,88.5625,91.96875,95.375,98.78125,102.1875,105.59375,109]},"test_acc":0.1325,"val_precision":0.06242145480606938,"_timestamp":1.7323169645139523e+09,"test_f1":0.06453785799781915,"validation_loss":2.209641043369969,"val_f1":0.07870824704583626,"validation_acc":0.15583333333333332,"_wandb":{"runtime":198},"test_recall":0.1325,"_runtime":198.363837098,"test_confusion_matrix":{"bins":[0,3.6875,7.375,11.0625,14.75,18.4375,22.125,25.8125,29.5,33.1875,36.875,40.5625,44.25,47.9375,51.625,55.3125,59,62.6875,66.375,70.0625,73.75,77.4375,81.125,84.8125,88.5,92.1875,95.875,99.5625,103.25,106.9375,110.625,114.3125,118],"_type":"histogram","values":[77,0,2,1,1,0,1,2,1,1,0,1,1,2,2,0,0,2,1,0,0,0,0,1,0,1,0,0,1,1,0,1]},"val_recall":0.15583333333333335,"run_id":"8gkc8pso","train_loss":2.2557042901889206,"epoch":9,"train_acc":0.1432}