{"val_f1":0.38719203972342453,"val_recall":0.37416666666666665,"epoch":9,"train_acc":0.3884,"test_recall":0.475,"val_precision":0.4374958062457668,"validation_acc":0.37416666666666665,"test_precision":0.4951737641339692,"test_f1":0.46748660607391024,"_runtime":197.475212079,"test_acc":0.475,"train_loss":1.7468186761163602,"validation_loss":1.9269373613685215,"_step":9,"run_id":"jgz848ox","test_confusion_matrix":{"values":[38,8,13,14,4,3,2,3,1,1,1,2,0,3,1,0,0,0,0,1,1,1,1,0,0,0,0,0,0,1,0,1],"bins":[0,2.90625,5.8125,8.71875,11.625,14.53125,17.4375,20.34375,23.25,26.15625,29.0625,31.96875,34.875,37.78125,40.6875,43.59375,46.5,49.40625,52.3125,55.21875,58.125,61.03125,63.9375,66.84375,69.75,72.65625,75.5625,78.46875,81.375,84.28125,87.1875,90.09375,93],"_type":"histogram"},"val_confusion_matrix":{"values":[39,7,7,2,8,4,5,0,4,3,4,2,2,0,0,0,1,2,4,1,0,0,0,1,1,0,0,0,1,0,1,1],"bins":[0,2.09375,4.1875,6.28125,8.375,10.46875,12.5625,14.65625,16.75,18.84375,20.9375,23.03125,25.125,27.21875,29.3125,31.40625,33.5,35.59375,37.6875,39.78125,41.875,43.96875,46.0625,48.15625,50.25,52.34375,54.4375,56.53125,58.625,60.71875,62.8125,64.90625,67],"_type":"histogram"},"_timestamp":1.732319417435387e+09,"_wandb":{"runtime":197}}