{"test_recall":0.09166666666666666,"validation_loss":2.2967183810472487,"test_confusion_matrix":{"_type":"histogram","values":[86,0,3,0,1,0,0,0,0,0,0,0,0,0,0,0,0,0,0,0,0,0,0,0,0,0,0,1,1,2,0,6],"bins":[0,3.75,7.5,11.25,15,18.75,22.5,26.25,30,33.75,37.5,41.25,45,48.75,52.5,56.25,60,63.75,67.5,71.25,75,78.75,82.5,86.25,90,93.75,97.5,101.25,105,108.75,112.5,116.25,120]},"_wandb":{"runtime":173},"val_precision":0.04311941337044372,"validation_acc":0.07666666666666666,"val_f1":0.02286905025658222,"test_f1":0.017350157728706624,"val_recall":0.07666666666666667,"test_acc":0.09166666666666666,"train_loss":2.303248662098198,"train_acc":0.0976,"_timestamp":1.7323377501324553e+09,"run_id":"54awzonr","_runtime":173.668766403,"test_precision":0.009581881533101046,"epoch":9,"val_confusion_matrix":{"values":[83,2,2,0,2,0,0,0,0,1,0,0,0,0,0,0,0,0,0,0,0,0,1,0,0,0,0,3,0,1,1,4],"bins":[0,3.75,7.5,11.25,15,18.75,22.5,26.25,30,33.75,37.5,41.25,45,48.75,52.5,56.25,60,63.75,67.5,71.25,75,78.75,82.5,86.25,90,93.75,97.5,101.25,105,108.75,112.5,116.25,120],"_type":"histogram"},"_step":9}