{"test_precision":0.8047112412447023,"train_acc":0.748,"validation_loss":0.852484434119042,"test_f1":0.7698483208125643,"_timestamp":1.7323204244300752e+09,"run_id":"sk9nn077","test_confusion_matrix":{"bins":[0,3.5625,7.125,10.6875,14.25,17.8125,21.375,24.9375,28.5,32.0625,35.625,39.1875,42.75,46.3125,49.875,53.4375,57,60.5625,64.125,67.6875,71.25,74.8125,78.375,81.9375,85.5,89.0625,92.625,96.1875,99.75,103.3125,106.875,110.4375,114],"_type":"histogram","values":[65,8,8,6,1,1,0,0,0,0,0,1,0,0,0,0,0,0,1,0,0,1,0,0,2,3,0,0,1,0,1,1]},"train_loss":0.778109298390188,"epoch":9,"val_confusion_matrix":{"values":[63,9,10,2,3,1,1,0,0,0,1,0,0,0,0,0,2,0,0,0,1,1,1,1,0,1,1,0,0,0,1,1],"bins":[0,3.75,7.5,11.25,15,18.75,22.5,26.25,30,33.75,37.5,41.25,45,48.75,52.5,56.25,60,63.75,67.5,71.25,75,78.75,82.5,86.25,90,93.75,97.5,101.25,105,108.75,112.5,116.25,120],"_type":"histogram"},"_runtime":186.256488899,"val_recall":0.7325,"_wandb":{"runtime":186},"validation_acc":0.7325,"test_acc":0.765,"val_f1":0.7293615512941526,"test_recall":0.7649999999999999,"_step":9,"val_precision":0.7676883344283232}