{"_step":9,"test_confusion_matrix":{"bins":[0,2.84375,5.6875,8.53125,11.375,14.21875,17.0625,19.90625,22.75,25.59375,28.4375,31.28125,34.125,36.96875,39.8125,42.65625,45.5,48.34375,51.1875,54.03125,56.875,59.71875,62.5625,65.40625,68.25,71.09375,73.9375,76.78125,79.625,82.46875,85.3125,88.15625,91],"_type":"histogram","values":[46,8,5,10,5,5,2,3,2,1,2,1,0,1,0,0,1,1,0,0,3,0,2,0,0,1,0,0,0,0,0,1]},"val_recall":0.35833333333333334,"test_recall":0.4525,"validation_acc":0.35833333333333334,"_wandb":{"runtime":185},"test_precision":0.47546328863391174,"epoch":9,"_timestamp":1.7323226126548293e+09,"val_f1":0.36487961674326347,"train_loss":1.8148210959829343,"test_acc":0.4525,"run_id":"krdqvic4","val_confusion_matrix":{"_type":"histogram","values":[40,7,8,4,8,2,5,1,6,4,1,3,1,0,2,0,1,0,3,1,0,0,0,0,1,0,0,1,0,0,0,1],"bins":[0,2.46875,4.9375,7.40625,9.875,12.34375,14.8125,17.28125,19.75,22.21875,24.6875,27.15625,29.625,32.09375,34.5625,37.03125,39.5,41.96875,44.4375,46.90625,49.375,51.84375,54.3125,56.78125,59.25,61.71875,64.1875,66.65625,69.125,71.59375,74.0625,76.53125,79]},"train_acc":0.351,"_runtime":185.305088987,"validation_loss":1.6981138792665054,"val_precision":0.39458575134552276,"test_f1":0.44996147913462387}