{"run_id":"remq35dd","val_recall":0.8100000000000002,"_wandb":{"runtime":172},"epoch":9,"_timestamp":1.7323379302618377e+09,"val_f1":0.8128657335968787,"_runtime":172.823699246,"test_f1":0.8291553291886349,"train_acc":0.7272,"val_precision":0.8297507862352408,"test_recall":0.8283333333333334,"test_acc":0.8283333333333334,"_step":9,"train_loss":0.8422309539879963,"validation_loss":0.6836089695345193,"test_precision":0.8386506604072068,"test_confusion_matrix":{"values":[73,5,6,4,0,1,0,0,0,1,0,0,0,0,0,0,0,0,0,0,0,1,0,0,0,0,2,1,2,0,3,1],"bins":[0,3.53125,7.0625,10.59375,14.125,17.65625,21.1875,24.71875,28.25,31.78125,35.3125,38.84375,42.375,45.90625,49.4375,52.96875,56.5,60.03125,63.5625,67.09375,70.625,74.15625,77.6875,81.21875,84.75,88.28125,91.8125,95.34375,98.875,102.40625,105.9375,109.46875,113],"_type":"histogram"},"val_confusion_matrix":{"values":[67,12,3,2,4,2,0,0,0,0,0,0,0,0,0,0,0,0,0,0,0,0,1,0,1,1,0,1,1,1,1,3],"bins":[0,3.4375,6.875,10.3125,13.75,17.1875,20.625,24.0625,27.5,30.9375,34.375,37.8125,41.25,44.6875,48.125,51.5625,55,58.4375,61.875,65.3125,68.75,72.1875,75.625,79.0625,82.5,85.9375,89.375,92.8125,96.25,99.6875,103.125,106.5625,110],"_type":"histogram"},"validation_acc":0.81}