{"_runtime":178.068800575,"test_precision":0.7956288305655543,"test_confusion_matrix":{"_type":"histogram","values":[66,9,4,7,0,2,2,0,0,0,0,0,0,0,0,0,1,0,0,0,0,2,0,0,2,1,1,0,1,0,0,2],"bins":[0,3.65625,7.3125,10.96875,14.625,18.28125,21.9375,25.59375,29.25,32.90625,36.5625,40.21875,43.875,47.53125,51.1875,54.84375,58.5,62.15625,65.8125,69.46875,73.125,76.78125,80.4375,84.09375,87.75,91.40625,95.0625,98.71875,102.375,106.03125,109.6875,113.34375,117]},"val_recall":0.7133333333333334,"val_precision":0.733378900852665,"epoch":9,"test_acc":0.7675,"run_id":"tu82u3fr","train_loss":1.170043396968811,"test_f1":0.7683077841308765,"_wandb":{"runtime":178},"val_confusion_matrix":{"_type":"histogram","values":[59,10,10,5,2,4,0,0,0,0,0,0,0,0,0,0,2,0,1,0,0,1,0,2,1,0,1,1,0,0,0,1],"bins":[0,3.71875,7.4375,11.15625,14.875,18.59375,22.3125,26.03125,29.75,33.46875,37.1875,40.90625,44.625,48.34375,52.0625,55.78125,59.5,63.21875,66.9375,70.65625,74.375,78.09375,81.8125,85.53125,89.25,92.96875,96.6875,100.40625,104.125,107.84375,111.5625,115.28125,119]},"train_acc":0.6122,"_step":9,"val_f1":0.7116438729331438,"validation_acc":0.7133333333333334,"_timestamp":1.7323405892909582e+09,"test_recall":0.7675,"validation_loss":0.8221381872679921}