{"epoch":9,"val_precision":0.907848939112401,"_timestamp":1.732370920062933e+09,"run_id":"2gmsxmux","test_recall":0.9066666666666666,"test_confusion_matrix":{"_type":"histogram","values":[82,2,2,2,1,1,0,0,0,0,0,0,0,0,0,0,0,0,0,0,1,0,0,0,1,0,1,0,1,0,0,6],"bins":[0,3.75,7.5,11.25,15,18.75,22.5,26.25,30,33.75,37.5,41.25,45,48.75,52.5,56.25,60,63.75,67.5,71.25,75,78.75,82.5,86.25,90,93.75,97.5,101.25,105,108.75,112.5,116.25,120]},"train_loss":0.3735332418673526,"_wandb":{"runtime":315},"_step":9,"test_precision":0.9115810412968269,"test_acc":0.9066666666666666,"validation_loss":0.5161922079053882,"train_acc":0.88,"val_recall":0.9033333333333333,"val_confusion_matrix":{"_type":"histogram","values":[78,8,1,1,1,0,0,0,1,0,0,0,0,0,0,0,0,0,0,0,1,0,0,1,0,0,0,0,0,3,2,3],"bins":[0,3.75,7.5,11.25,15,18.75,22.5,26.25,30,33.75,37.5,41.25,45,48.75,52.5,56.25,60,63.75,67.5,71.25,75,78.75,82.5,86.25,90,93.75,97.5,101.25,105,108.75,112.5,116.25,120]},"test_f1":0.904697644794797,"val_f1":0.9006052837826864,"validation_acc":0.9033333333333333,"_runtime":313.691284636}