{"test_precision":0.34247564638052574,"validation_loss":1.963917236562241,"train_acc":0.2992,"validation_acc":0.2683333333333333,"val_precision":0.2789431918847157,"train_loss":1.9115707134898705,"_wandb":{"runtime":178},"test_f1":0.30299420686568107,"val_recall":0.26833333333333337,"val_confusion_matrix":{"_type":"histogram","values":[41,7,2,4,10,9,2,1,6,2,3,3,0,0,1,0,2,0,1,0,0,1,0,1,1,0,0,1,0,1,0,1],"bins":[0,2.375,4.75,7.125,9.5,11.875,14.25,16.625,19,21.375,23.75,26.125,28.5,30.875,33.25,35.625,38,40.375,42.75,45.125,47.5,49.875,52.25,54.625,57,59.375,61.75,64.125,66.5,68.875,71.25,73.625,76]},"_runtime":178.827115166,"_timestamp":1.732324323172587e+09,"_step":9,"run_id":"lni2el43","epoch":9,"val_f1":0.24690242772888732,"test_confusion_matrix":{"bins":[0,2.75,5.5,8.25,11,13.75,16.5,19.25,22,24.75,27.5,30.25,33,35.75,38.5,41.25,44,46.75,49.5,52.25,55,57.75,60.5,63.25,66,68.75,71.5,74.25,77,79.75,82.5,85.25,88],"_type":"histogram","values":[44,4,6,10,9,1,2,4,4,1,4,1,1,2,1,0,0,0,1,2,1,0,0,0,1,0,0,0,0,0,0,1]},"test_recall":0.3283333333333333,"test_acc":0.3283333333333333}