{"test_acc":0.7341666666666666,"test_f1":0.7382685964796069,"val_f1":0.7529639641176848,"train_loss":0.9421040936590384,"_step":9,"val_recall":0.7566666666666666,"test_recall":0.7341666666666667,"_runtime":202.41413153,"val_precision":0.7788805084932178,"train_acc":0.6912,"validation_acc":0.7566666666666667,"_wandb":{"runtime":202},"test_confusion_matrix":{"values":[64,9,7,1,3,4,2,0,0,0,0,0,0,0,0,0,0,0,0,0,3,0,1,0,1,1,1,1,0,1,0,1],"bins":[0,3.53125,7.0625,10.59375,14.125,17.65625,21.1875,24.71875,28.25,31.78125,35.3125,38.84375,42.375,45.90625,49.4375,52.96875,56.5,60.03125,63.5625,67.09375,70.625,74.15625,77.6875,81.21875,84.75,88.28125,91.8125,95.34375,98.875,102.40625,105.9375,109.46875,113],"_type":"histogram"},"run_id":"cy1t8l0t","validation_loss":0.7211434156273011,"epoch":9,"_timestamp":1.732314226510321e+09,"test_precision":0.7751973342989549,"val_confusion_matrix":{"values":[64,11,8,2,1,2,0,1,1,0,0,0,0,0,1,0,0,1,0,0,0,1,0,1,1,1,2,0,0,1,0,1],"bins":[0,3.75,7.5,11.25,15,18.75,22.5,26.25,30,33.75,37.5,41.25,45,48.75,52.5,56.25,60,63.75,67.5,71.25,75,78.75,82.5,86.25,90,93.75,97.5,101.25,105,108.75,112.5,116.25,120],"_type":"histogram"}}