{"validation_acc":0.6533333333333333,"train_loss":1.26839817609787,"train_acc":0.5818,"run_id":"a4jhh1ux","validation_loss":1.0583767913919049,"_timestamp":1.7323111239872584e+09,"test_recall":0.6983333333333334,"test_precision":0.7402391544469145,"_step":9,"test_f1":0.69486604522084,"val_f1":0.6578977186599138,"test_confusion_matrix":{"bins":[0,3.40625,6.8125,10.21875,13.625,17.03125,20.4375,23.84375,27.25,30.65625,34.0625,37.46875,40.875,44.28125,47.6875,51.09375,54.5,57.90625,61.3125,64.71875,68.125,71.53125,74.9375,78.34375,81.75,85.15625,88.5625,91.96875,95.375,98.78125,102.1875,105.59375,109],"_type":"histogram","values":[60,9,7,5,5,1,1,2,0,0,0,1,0,0,0,0,0,0,0,1,0,1,1,0,1,0,0,2,0,1,1,1]},"_runtime":221.89239415,"val_confusion_matrix":{"bins":[0,3.09375,6.1875,9.28125,12.375,15.46875,18.5625,21.65625,24.75,27.84375,30.9375,34.03125,37.125,40.21875,43.3125,46.40625,49.5,52.59375,55.6875,58.78125,61.875,64.96875,68.0625,71.15625,74.25,77.34375,80.4375,83.53125,86.625,89.71875,92.8125,95.90625,99],"_type":"histogram","values":[61,5,5,7,4,1,3,0,1,2,0,0,1,1,0,0,0,0,0,0,0,1,2,0,0,1,1,1,0,0,1,2]},"val_precision":0.6997969726028367,"test_acc":0.6983333333333334,"_wandb":{"runtime":221},"epoch":9,"val_recall":0.6533333333333334}