{"_wandb":{"runtime":176},"validation_acc":0.815,"train_loss":0.7755135584481155,"test_f1":0.7992852804493553,"val_recall":0.8149999999999998,"_step":9,"_timestamp":1.732323953724888e+09,"_runtime":176.700785887,"run_id":"wcwdnl1u","test_acc":0.7966666666666666,"train_acc":0.7528,"test_precision":0.8317282895722172,"val_f1":0.8183683956501431,"val_confusion_matrix":{"_type":"histogram","values":[71,6,7,2,1,0,2,1,0,0,0,0,0,0,0,0,0,0,0,0,1,1,0,0,1,1,1,1,0,1,1,2],"bins":[0,3.625,7.25,10.875,14.5,18.125,21.75,25.375,29,32.625,36.25,39.875,43.5,47.125,50.75,54.375,58,61.625,65.25,68.875,72.5,76.125,79.75,83.375,87,90.625,94.25,97.875,101.5,105.125,108.75,112.375,116]},"test_recall":0.7966666666666667,"val_precision":0.8485497200547385,"test_confusion_matrix":{"bins":[0,3.75,7.5,11.25,15,18.75,22.5,26.25,30,33.75,37.5,41.25,45,48.75,52.5,56.25,60,63.75,67.5,71.25,75,78.75,82.5,86.25,90,93.75,97.5,101.25,105,108.75,112.5,116.25,120],"_type":"histogram","values":[71,5,4,3,3,4,0,0,0,0,0,0,0,0,0,0,0,0,0,0,1,1,0,0,3,1,2,0,0,0,1,1]},"validation_loss":0.6294201109029169,"epoch":9}