{"test_f1":0.854656232065022,"_timestamp":1.7323398305679433e+09,"test_recall":0.8525,"test_confusion_matrix":{"bins":[0,3.53125,7.0625,10.59375,14.125,17.65625,21.1875,24.71875,28.25,31.78125,35.3125,38.84375,42.375,45.90625,49.4375,52.96875,56.5,60.03125,63.5625,67.09375,70.625,74.15625,77.6875,81.21875,84.75,88.28125,91.8125,95.34375,98.875,102.40625,105.9375,109.46875,113],"_type":"histogram","values":[75,5,6,1,0,3,0,0,0,0,0,0,0,0,0,0,0,0,0,0,0,0,0,1,0,0,0,3,2,0,1,3]},"validation_loss":0.5870779010656425,"_wandb":{"runtime":174},"run_id":"sa0etj0t","_step":9,"train_loss":0.7825564986960903,"train_acc":0.7472,"test_acc":0.8525,"epoch":9,"_runtime":174.109984366,"validation_acc":0.8466666666666667,"val_confusion_matrix":{"_type":"histogram","values":[69,8,12,0,0,1,0,0,0,0,0,0,0,0,0,0,0,0,0,0,0,0,0,0,2,2,2,1,0,1,0,2],"bins":[0,3.71875,7.4375,11.15625,14.875,18.59375,22.3125,26.03125,29.75,33.46875,37.1875,40.90625,44.625,48.34375,52.0625,55.78125,59.5,63.21875,66.9375,70.65625,74.375,78.09375,81.8125,85.53125,89.25,92.96875,96.6875,100.40625,104.125,107.84375,111.5625,115.28125,119]},"val_f1":0.8478536074203269,"val_precision":0.8577109784032857,"test_precision":0.8675175551220038,"val_recall":0.8466666666666667}