{"val_recall":0.6425,"validation_loss":0.9983865265500693,"test_recall":0.6891666666666666,"val_precision":0.6913730470764973,"validation_acc":0.6425,"test_confusion_matrix":{"_type":"histogram","values":[58,7,8,5,3,2,3,1,1,1,0,1,0,0,0,0,0,0,0,0,0,0,1,1,0,0,0,3,0,1,3,1],"bins":[0,2.9375,5.875,8.8125,11.75,14.6875,17.625,20.5625,23.5,26.4375,29.375,32.3125,35.25,38.1875,41.125,44.0625,47,49.9375,52.875,55.8125,58.75,61.6875,64.625,67.5625,70.5,73.4375,76.375,79.3125,82.25,85.1875,88.125,91.0625,94]},"test_precision":0.7101327803674786,"val_confusion_matrix":{"_type":"histogram","values":[47,13,8,12,1,4,3,0,2,0,0,0,0,1,0,0,0,0,1,0,0,0,0,0,1,0,2,2,0,0,1,2],"bins":[0,2.96875,5.9375,8.90625,11.875,14.84375,17.8125,20.78125,23.75,26.71875,29.6875,32.65625,35.625,38.59375,41.5625,44.53125,47.5,50.46875,53.4375,56.40625,59.375,62.34375,65.3125,68.28125,71.25,74.21875,77.1875,80.15625,83.125,86.09375,89.0625,92.03125,95]},"test_acc":0.6891666666666667,"train_loss":1.1874489797592163,"test_f1":0.6936285455650075,"_runtime":198.826435854,"_wandb":{"runtime":198},"epoch":9,"run_id":"9qfulqub","_timestamp":1.732327281643095e+09,"_step":9,"train_acc":0.6044,"val_f1":0.644404802357045}