{"test_recall":0.24583333333333335,"epoch":9,"val_recall":0.2891666666666667,"val_f1":0.21080915814010615,"test_acc":0.24583333333333332,"train_acc":0.1842,"validation_acc":0.2891666666666667,"validation_loss":2.1124756859491267,"val_confusion_matrix":{"bins":[0,3.3125,6.625,9.9375,13.25,16.5625,19.875,23.1875,26.5,29.8125,33.125,36.4375,39.75,43.0625,46.375,49.6875,53,56.3125,59.625,62.9375,66.25,69.5625,72.875,76.1875,79.5,82.8125,86.125,89.4375,92.75,96.0625,99.375,102.6875,106],"_type":"histogram","values":[57,5,2,6,3,2,6,3,1,2,2,1,2,1,1,1,1,2,0,0,0,0,0,0,0,0,0,0,0,1,0,1]},"_timestamp":1.7323127517667153e+09,"test_precision":0.2304517312607926,"_step":9,"_wandb":{"runtime":231},"run_id":"f28lxu7e","test_f1":0.17110970320914887,"train_loss":2.201895939064026,"test_confusion_matrix":{"_type":"histogram","values":[52,8,2,7,2,2,3,5,1,3,2,0,0,0,1,1,3,0,1,1,1,0,1,0,0,1,0,0,0,1,1,1],"bins":[0,2.625,5.25,7.875,10.5,13.125,15.75,18.375,21,23.625,26.25,28.875,31.5,34.125,36.75,39.375,42,44.625,47.25,49.875,52.5,55.125,57.75,60.375,63,65.625,68.25,70.875,73.5,76.125,78.75,81.375,84]},"_runtime":231.073972202,"val_precision":0.21633479979237968}