{"_step":9,"_timestamp":1.7323352658128452e+09,"train_loss":0.8975880792537055,"run_id":"q5ycqxy8","val_recall":0.7424999999999999,"test_precision":0.8013298762006084,"epoch":9,"val_precision":0.7666322617837532,"validation_acc":0.7425,"validation_loss":0.8706164844924236,"val_confusion_matrix":{"values":[64,9,9,5,1,0,0,1,0,1,0,0,0,0,0,1,1,0,0,0,0,0,0,2,2,2,0,1,0,0,0,1],"bins":[0,3.75,7.5,11.25,15,18.75,22.5,26.25,30,33.75,37.5,41.25,45,48.75,52.5,56.25,60,63.75,67.5,71.25,75,78.75,82.5,86.25,90,93.75,97.5,101.25,105,108.75,112.5,116.25,120],"_type":"histogram"},"test_confusion_matrix":{"values":[66,7,8,2,4,2,0,1,0,0,0,0,0,0,0,1,0,0,1,0,0,1,0,0,1,2,0,2,0,1,0,1],"bins":[0,3.6875,7.375,11.0625,14.75,18.4375,22.125,25.8125,29.5,33.1875,36.875,40.5625,44.25,47.9375,51.625,55.3125,59,62.6875,66.375,70.0625,73.75,77.4375,81.125,84.8125,88.5,92.1875,95.875,99.5625,103.25,106.9375,110.625,114.3125,118],"_type":"histogram"},"_runtime":181.831934528,"train_acc":0.7054,"test_f1":0.7634533901094391,"test_recall":0.7616666666666666,"test_acc":0.7616666666666667,"_wandb":{"runtime":181},"val_f1":0.7408006577358939}