{"epoch":9,"_step":9,"test_acc":0.6291666666666667,"validation_acc":0.495,"_runtime":320.9787459,"val_recall":0.495,"val_confusion_matrix":{"values":[50,4,8,10,4,2,5,1,2,1,0,2,1,1,2,1,1,0,0,1,0,0,1,1,1,0,0,0,0,0,0,1],"bins":[0,3.03125,6.0625,9.09375,12.125,15.15625,18.1875,21.21875,24.25,27.28125,30.3125,33.34375,36.375,39.40625,42.4375,45.46875,48.5,51.53125,54.5625,57.59375,60.625,63.65625,66.6875,69.71875,72.75,75.78125,78.8125,81.84375,84.875,87.90625,90.9375,93.96875,97],"_type":"histogram"},"test_recall":0.6291666666666667,"val_f1":0.4976992773816963,"train_acc":0.5546,"test_precision":0.684996625615147,"val_precision":0.5527032545369028,"test_f1":0.6257614746667026,"validation_loss":1.3070245136558165,"run_id":"6803h3tj","_wandb":{"runtime":322},"test_confusion_matrix":{"values":[55,10,11,3,4,5,0,1,1,0,0,0,1,0,1,1,0,1,1,0,1,1,0,0,1,0,0,1,0,0,0,1],"bins":[0,3.6875,7.375,11.0625,14.75,18.4375,22.125,25.8125,29.5,33.1875,36.875,40.5625,44.25,47.9375,51.625,55.3125,59,62.6875,66.375,70.0625,73.75,77.4375,81.125,84.8125,88.5,92.1875,95.875,99.5625,103.25,106.9375,110.625,114.3125,118],"_type":"histogram"},"_timestamp":1.73236835585922e+09,"train_loss":1.3169138534381366}