{"_runtime":177.537782481,"validation_acc":0.815,"test_acc":0.8283333333333334,"test_precision":0.837165350859061,"test_f1":0.8273122534174094,"_timestamp":1.7323419191026175e+09,"val_confusion_matrix":{"values":[70,7,7,3,1,2,0,0,0,0,0,0,0,0,0,0,0,0,0,0,0,0,0,1,3,1,2,0,1,0,1,1],"bins":[0,3.65625,7.3125,10.96875,14.625,18.28125,21.9375,25.59375,29.25,32.90625,36.5625,40.21875,43.875,47.53125,51.1875,54.84375,58.5,62.15625,65.8125,69.46875,73.125,76.78125,80.4375,84.09375,87.75,91.40625,95.0625,98.71875,102.375,106.03125,109.6875,113.34375,117],"_type":"histogram"},"val_recall":0.8150000000000001,"run_id":"66bvth04","_wandb":{"runtime":177},"validation_loss":0.6249805659620445,"val_precision":0.8371313372933775,"test_recall":0.8283333333333334,"_step":9,"train_acc":0.7016,"val_f1":0.8172455464804187,"epoch":9,"test_confusion_matrix":{"_type":"histogram","values":[73,4,9,0,1,3,0,0,0,0,0,0,0,0,0,0,0,0,1,0,0,0,0,1,0,0,2,1,1,3,0,1],"bins":[0,3.65625,7.3125,10.96875,14.625,18.28125,21.9375,25.59375,29.25,32.90625,36.5625,40.21875,43.875,47.53125,51.1875,54.84375,58.5,62.15625,65.8125,69.46875,73.125,76.78125,80.4375,84.09375,87.75,91.40625,95.0625,98.71875,102.375,106.03125,109.6875,113.34375,117]},"train_loss":0.9121612899314863}