{"epoch":9,"test_f1":0.8562965017143311,"test_confusion_matrix":{"_type":"histogram","values":[79,2,5,0,0,1,1,1,1,0,0,0,0,0,0,1,0,0,0,0,0,0,1,0,1,0,2,0,0,1,0,4],"bins":[0,3.75,7.5,11.25,15,18.75,22.5,26.25,30,33.75,37.5,41.25,45,48.75,52.5,56.25,60,63.75,67.5,71.25,75,78.75,82.5,86.25,90,93.75,97.5,101.25,105,108.75,112.5,116.25,120]},"validation_acc":0.8266666666666667,"train_acc":0.914,"train_loss":0.2724091139492355,"_timestamp":1.7323721656878622e+09,"val_precision":0.8596916920150814,"val_recall":0.8266666666666665,"_wandb":{"runtime":295},"_runtime":294.522346273,"validation_loss":0.5746375090093006,"val_f1":0.8269902597545224,"test_acc":0.8533333333333334,"val_confusion_matrix":{"values":[76,7,2,0,0,2,2,0,1,0,0,0,0,0,0,0,1,0,0,0,0,0,1,1,1,1,0,1,0,1,0,3],"bins":[0,3.75,7.5,11.25,15,18.75,22.5,26.25,30,33.75,37.5,41.25,45,48.75,52.5,56.25,60,63.75,67.5,71.25,75,78.75,82.5,86.25,90,93.75,97.5,101.25,105,108.75,112.5,116.25,120],"_type":"histogram"},"_step":9,"run_id":"eq46ow2n","test_recall":0.8533333333333333,"test_precision":0.8942299636822355}