{"val_recall":0.35916666666666663,"test_precision":0.4856435230379475,"test_acc":0.42583333333333334,"_step":9,"train_acc":0.3114,"test_f1":0.4129379354562229,"val_precision":0.3957147662429138,"run_id":"twafwx6j","_timestamp":1.7323404057149456e+09,"test_recall":0.4258333333333333,"validation_acc":0.3591666666666667,"val_f1":0.34675783912453534,"validation_loss":1.7984753646836906,"_wandb":{"runtime":175},"epoch":9,"train_loss":1.9036702008763695,"_runtime":175.56273799,"test_confusion_matrix":{"bins":[0,3.125,6.25,9.375,12.5,15.625,18.75,21.875,25,28.125,31.25,34.375,37.5,40.625,43.75,46.875,50,53.125,56.25,59.375,62.5,65.625,68.75,71.875,75,78.125,81.25,84.375,87.5,90.625,93.75,96.875,100],"_type":"histogram","values":[49,8,5,9,3,4,5,0,4,2,1,1,2,0,1,0,1,0,1,0,1,0,0,1,0,0,1,0,0,0,0,1]},"val_confusion_matrix":{"values":[41,6,10,13,6,1,9,1,0,1,1,1,0,2,2,1,2,0,1,0,0,0,1,0,0,0,0,0,0,0,0,1],"bins":[0,3.0625,6.125,9.1875,12.25,15.3125,18.375,21.4375,24.5,27.5625,30.625,33.6875,36.75,39.8125,42.875,45.9375,49,52.0625,55.125,58.1875,61.25,64.3125,67.375,70.4375,73.5,76.5625,79.625,82.6875,85.75,88.8125,91.875,94.9375,98],"_type":"histogram"}}