{"train_loss":1.1485275179862977,"test_recall":0.7608333333333334,"_timestamp":1.7323106889720979e+09,"run_id":"qxmkkjdr","test_precision":0.7830205325308546,"_step":9,"test_confusion_matrix":{"bins":[0,3.5,7,10.5,14,17.5,21,24.5,28,31.5,35,38.5,42,45.5,49,52.5,56,59.5,63,66.5,70,73.5,77,80.5,84,87.5,91,94.5,98,101.5,105,108.5,112],"_type":"histogram","values":[62,11,8,1,4,3,1,0,0,0,0,0,0,0,0,0,0,1,0,0,0,1,0,0,1,0,3,0,2,1,0,1]},"val_precision":0.7467311009428221,"test_acc":0.7608333333333334,"validation_acc":0.7358333333333333,"epoch":9,"val_recall":0.7358333333333335,"_wandb":{"runtime":215},"val_confusion_matrix":{"bins":[0,3.5625,7.125,10.6875,14.25,17.8125,21.375,24.9375,28.5,32.0625,35.625,39.1875,42.75,46.3125,49.875,53.4375,57,60.5625,64.125,67.6875,71.25,74.8125,78.375,81.9375,85.5,89.0625,92.625,96.1875,99.75,103.3125,106.875,110.4375,114],"_type":"histogram","values":[62,10,7,6,1,2,2,0,0,0,0,0,0,0,0,0,0,1,0,0,1,2,0,0,1,1,1,1,0,1,0,1]},"validation_loss":0.8808337064779941,"train_acc":0.614,"_runtime":215.692957169,"test_f1":0.7594710060546532,"val_f1":0.7333163662519661}