{"test_confusion_matrix":{"bins":[0,2.8125,5.625,8.4375,11.25,14.0625,16.875,19.6875,22.5,25.3125,28.125,30.9375,33.75,36.5625,39.375,42.1875,45,47.8125,50.625,53.4375,56.25,59.0625,61.875,64.6875,67.5,70.3125,73.125,75.9375,78.75,81.5625,84.375,87.1875,90],"_type":"histogram","values":[49,5,7,13,4,0,2,4,4,0,0,0,0,1,2,1,0,0,0,1,2,0,0,1,0,0,1,0,1,0,1,1]},"_runtime":179.774491627,"val_confusion_matrix":{"_type":"histogram","values":[51,7,2,11,5,1,1,4,1,0,1,1,3,0,2,2,1,0,0,0,0,0,2,1,0,0,1,0,0,1,1,1],"bins":[0,2.625,5.25,7.875,10.5,13.125,15.75,18.375,21,23.625,26.25,28.875,31.5,34.125,36.75,39.375,42,44.625,47.25,49.875,52.5,55.125,57.75,60.375,63,65.625,68.25,70.875,73.5,76.125,78.75,81.375,84]},"val_recall":0.17583333333333334,"val_precision":0.1873227278570922,"_wandb":{"runtime":179},"train_acc":0.1438,"run_id":"w476ny30","test_acc":0.24083333333333334,"validation_acc":0.17583333333333334,"epoch":9,"test_recall":0.24083333333333332,"val_f1":0.1438967707986685,"test_f1":0.20537275810136274,"_step":9,"test_precision":0.2584239381585992,"validation_loss":2.2903465210398037,"_timestamp":1.7323306497805812e+09,"train_loss":2.242954718915722}