{"test_recall":0.7441666666666666,"validation_acc":0.6775,"_wandb":{"runtime":190},"epoch":9,"train_loss":1.175126072525978,"_runtime":190.002735061,"val_precision":0.6879527530162697,"test_f1":0.7386186377838201,"_timestamp":1.7323421221901298e+09,"run_id":"bihjqn3j","test_confusion_matrix":{"bins":[0,3.34375,6.6875,10.03125,13.375,16.71875,20.0625,23.40625,26.75,30.09375,33.4375,36.78125,40.125,43.46875,46.8125,50.15625,53.5,56.84375,60.1875,63.53125,66.875,70.21875,73.5625,76.90625,80.25,83.59375,86.9375,90.28125,93.625,96.96875,100.3125,103.65625,107],"_type":"histogram","values":[64,5,12,3,0,5,1,0,0,0,0,0,0,0,0,1,0,0,0,1,0,0,0,0,1,0,1,1,0,1,3,1]},"val_recall":0.6775,"train_acc":0.6064,"validation_loss":0.9283400842442128,"test_precision":0.7529785362367578,"val_confusion_matrix":{"values":[56,8,9,10,2,4,0,0,1,0,0,0,0,0,0,0,0,0,1,0,1,0,1,1,0,0,3,0,1,0,1,1],"bins":[0,3.1875,6.375,9.5625,12.75,15.9375,19.125,22.3125,25.5,28.6875,31.875,35.0625,38.25,41.4375,44.625,47.8125,51,54.1875,57.375,60.5625,63.75,66.9375,70.125,73.3125,76.5,79.6875,82.875,86.0625,89.25,92.4375,95.625,98.8125,102],"_type":"histogram"},"test_acc":0.7441666666666666,"val_f1":0.6755580682516797,"_step":9}