{"run_id":"2dv4l0xf","_timestamp":1.7323409571320448e+09,"_runtime":172.711173065,"validation_acc":0.6983333333333334,"epoch":9,"test_precision":0.8006465582972518,"validation_loss":0.9143962798615939,"test_confusion_matrix":{"values":[67,5,8,3,3,2,1,0,0,0,0,0,0,0,0,2,0,0,0,0,1,0,0,0,0,1,2,2,0,2,0,1],"bins":[0,3.40625,6.8125,10.21875,13.625,17.03125,20.4375,23.84375,27.25,30.65625,34.0625,37.46875,40.875,44.28125,47.6875,51.09375,54.5,57.90625,61.3125,64.71875,68.125,71.53125,74.9375,78.34375,81.75,85.15625,88.5625,91.96875,95.375,98.78125,102.1875,105.59375,109],"_type":"histogram"},"_step":9,"val_precision":0.7537995057386249,"val_recall":0.6983333333333333,"val_confusion_matrix":{"bins":[0,3.6875,7.375,11.0625,14.75,18.4375,22.125,25.8125,29.5,33.1875,36.875,40.5625,44.25,47.9375,51.625,55.3125,59,62.6875,66.375,70.0625,73.75,77.4375,81.125,84.8125,88.5,92.1875,95.875,99.5625,103.25,106.9375,110.625,114.3125,118],"_type":"histogram","values":[67,4,5,2,5,4,1,1,0,1,0,0,0,1,0,0,0,0,1,0,1,2,1,1,0,1,0,0,1,0,0,1]},"_wandb":{"runtime":172},"test_recall":0.7375,"test_f1":0.7486037838097899,"val_f1":0.7027222336508177,"train_acc":0.6728,"test_acc":0.7375,"train_loss":0.9940159532088267}