{"val_precision":0.14140480823564075,"test_acc":0.18583333333333332,"val_confusion_matrix":{"values":[35,9,3,6,2,8,3,3,4,2,1,2,1,1,2,0,5,1,0,3,0,0,5,0,1,2,0,0,0,0,0,1],"bins":[0,1.8125,3.625,5.4375,7.25,9.0625,10.875,12.6875,14.5,16.3125,18.125,19.9375,21.75,23.5625,25.375,27.1875,29,30.8125,32.625,34.4375,36.25,38.0625,39.875,41.6875,43.5,45.3125,47.125,48.9375,50.75,52.5625,54.375,56.1875,58],"_type":"histogram"},"validation_loss":2.260059496164322,"epoch":9,"train_acc":0.1446,"run_id":"q1xvnkqb","test_precision":0.1591609609911399,"test_recall":0.18583333333333335,"test_confusion_matrix":{"values":[39,8,5,5,9,4,3,1,1,4,2,3,0,2,0,2,2,2,0,1,1,4,1,0,0,0,0,0,0,0,0,1],"bins":[0,2.1875,4.375,6.5625,8.75,10.9375,13.125,15.3125,17.5,19.6875,21.875,24.0625,26.25,28.4375,30.625,32.8125,35,37.1875,39.375,41.5625,43.75,45.9375,48.125,50.3125,52.5,54.6875,56.875,59.0625,61.25,63.4375,65.625,67.8125,70],"_type":"histogram"},"_runtime":196.013612587,"val_recall":0.12916666666666668,"_wandb":{"runtime":196},"train_loss":2.2509106542355717,"test_f1":0.15350028231858387,"val_f1":0.10602748031034873,"_step":9,"_timestamp":1.7323253187156768e+09,"validation_acc":0.12916666666666668}