{"val_confusion_matrix":{"_type":"histogram","values":[64,6,11,1,2,2,2,1,1,0,0,0,0,1,0,0,0,0,1,1,2,0,0,0,2,0,0,1,1,0,0,1],"bins":[0,3.75,7.5,11.25,15,18.75,22.5,26.25,30,33.75,37.5,41.25,45,48.75,52.5,56.25,60,63.75,67.5,71.25,75,78.75,82.5,86.25,90,93.75,97.5,101.25,105,108.75,112.5,116.25,120]},"val_recall":0.7158333333333333,"train_loss":1.02288083637817,"train_acc":0.6672,"validation_acc":0.7158333333333333,"val_f1":0.7186190979335206,"test_confusion_matrix":{"_type":"histogram","values":[68,6,8,4,0,3,1,0,0,0,0,0,0,0,0,0,0,0,0,1,0,0,1,0,0,1,3,0,1,0,0,3],"bins":[0,3.5,7,10.5,14,17.5,21,24.5,28,31.5,35,38.5,42,45.5,49,52.5,56,59.5,63,66.5,70,73.5,77,80.5,84,87.5,91,94.5,98,101.5,105,108.5,112]},"_wandb":{"runtime":182},"run_id":"fic78s4c","test_f1":0.7885351664588951,"epoch":9,"_step":9,"test_precision":0.8201753908597913,"_runtime":182.456971422,"val_precision":0.7519943808223676,"test_acc":0.7875,"_timestamp":1.7323175686439986e+09,"validation_loss":0.9560866792033388,"test_recall":0.7875000000000001}