{"val_f1":0.15898309125241825,"test_recall":0.25250000000000006,"test_precision":0.1619972363583078,"train_acc":0.2168,"train_loss":2.135204461479187,"val_confusion_matrix":{"values":[48,2,14,5,2,7,3,4,4,2,4,0,0,1,1,0,2,0,0,0,0,0,0,0,0,0,0,0,0,0,0,1],"bins":[0,3.40625,6.8125,10.21875,13.625,17.03125,20.4375,23.84375,27.25,30.65625,34.0625,37.46875,40.875,44.28125,47.6875,51.09375,54.5,57.90625,61.3125,64.71875,68.125,71.53125,74.9375,78.34375,81.75,85.15625,88.5625,91.96875,95.375,98.78125,102.1875,105.59375,109],"_type":"histogram"},"_runtime":209.766106466,"epoch":9,"validation_acc":0.22083333333333333,"run_id":"7d66x2dz","val_recall":0.22083333333333335,"test_confusion_matrix":{"_type":"histogram","values":[51,5,4,6,3,3,6,3,0,6,3,0,1,1,1,1,0,1,0,1,1,0,1,1,0,0,0,0,0,0,0,1],"bins":[0,2.96875,5.9375,8.90625,11.875,14.84375,17.8125,20.78125,23.75,26.71875,29.6875,32.65625,35.625,38.59375,41.5625,44.53125,47.5,50.46875,53.4375,56.40625,59.375,62.34375,65.3125,68.28125,71.25,74.21875,77.1875,80.15625,83.125,86.09375,89.0625,92.03125,95]},"test_acc":0.2525,"_step":9,"test_f1":0.1713323659415334,"_wandb":{"runtime":209},"_timestamp":1.732321238863146e+09,"val_precision":0.13625508491680338,"validation_loss":2.1180246181041}