{"_timestamp":1.7323073188038812e+09,"run_id":"13t1vxu3","_runtime":273.744432523,"test_recall":0.7491666666666666,"validation_loss":0.8713605868253974,"test_precision":0.7882514266275541,"test_f1":0.7517581113826182,"val_f1":0.6929959784438391,"train_loss":0.9789674674408345,"epoch":9,"validation_acc":0.69,"_step":9,"_wandb":{"runtime":273},"val_precision":0.7155146676383493,"val_confusion_matrix":{"_type":"histogram","values":[61,4,8,7,2,1,6,1,0,0,0,0,0,0,0,0,1,0,0,1,0,2,0,0,0,0,1,1,0,0,1,3],"bins":[0,3.21875,6.4375,9.65625,12.875,16.09375,19.3125,22.53125,25.75,28.96875,32.1875,35.40625,38.625,41.84375,45.0625,48.28125,51.5,54.71875,57.9375,61.15625,64.375,67.59375,70.8125,74.03125,77.25,80.46875,83.6875,86.90625,90.125,93.34375,96.5625,99.78125,103]},"test_acc":0.7491666666666666,"train_acc":0.6782,"val_recall":0.69,"test_confusion_matrix":{"bins":[0,3.46875,6.9375,10.40625,13.875,17.34375,20.8125,24.28125,27.75,31.21875,34.6875,38.15625,41.625,45.09375,48.5625,52.03125,55.5,58.96875,62.4375,65.90625,69.375,72.84375,76.3125,79.78125,83.25,86.71875,90.1875,93.65625,97.125,100.59375,104.0625,107.53125,111],"_type":"histogram","values":[68,2,11,3,2,1,1,0,1,1,0,0,0,0,0,0,1,0,0,0,1,1,0,0,0,1,1,1,1,1,0,2]}}