{"_timestamp":1.7323083705673943e+09,"val_recall":0.7966666666666666,"test_precision":0.8433873047064196,"test_acc":0.7875,"test_f1":0.792918836225875,"train_loss":0.8067507628042987,"val_confusion_matrix":{"_type":"histogram","values":[72,5,5,4,0,2,1,0,0,0,0,1,0,0,0,0,1,0,0,0,0,0,0,1,1,1,1,1,0,1,1,2],"bins":[0,3.5625,7.125,10.6875,14.25,17.8125,21.375,24.9375,28.5,32.0625,35.625,39.1875,42.75,46.3125,49.875,53.4375,57,60.5625,64.125,67.6875,71.25,74.8125,78.375,81.9375,85.5,89.0625,92.625,96.1875,99.75,103.3125,106.875,110.4375,114]},"_wandb":{"runtime":194},"val_precision":0.8517490010110776,"validation_loss":0.6800350128446311,"epoch":9,"test_recall":0.7875,"train_acc":0.7368,"validation_acc":0.7966666666666666,"test_confusion_matrix":{"values":[73,7,2,2,2,2,0,0,1,0,1,0,0,0,0,0,0,1,1,0,0,0,0,1,1,1,3,0,0,0,1,1],"bins":[0,3.75,7.5,11.25,15,18.75,22.5,26.25,30,33.75,37.5,41.25,45,48.75,52.5,56.25,60,63.75,67.5,71.25,75,78.75,82.5,86.25,90,93.75,97.5,101.25,105,108.75,112.5,116.25,120],"_type":"histogram"},"_runtime":194.16484442,"run_id":"k4dkg0r2","_step":9,"val_f1":0.8044442329908386}