{"train_loss":1.6422781567030316,"train_acc":0.4368,"test_acc":0.49583333333333335,"run_id":"l6becxbc","validation_acc":0.4116666666666667,"test_recall":0.4958333333333333,"test_confusion_matrix":{"values":[48,4,6,5,9,2,7,1,3,2,1,1,0,0,1,1,0,0,0,0,1,0,0,0,0,1,0,1,0,3,2,1],"bins":[0,2.40625,4.8125,7.21875,9.625,12.03125,14.4375,16.84375,19.25,21.65625,24.0625,26.46875,28.875,31.28125,33.6875,36.09375,38.5,40.90625,43.3125,45.71875,48.125,50.53125,52.9375,55.34375,57.75,60.15625,62.5625,64.96875,67.375,69.78125,72.1875,74.59375,77],"_type":"histogram"},"val_f1":0.4060333982729335,"_runtime":175.124883632,"val_recall":0.4116666666666666,"test_f1":0.48182738563918814,"val_confusion_matrix":{"_type":"histogram","values":[45,7,5,6,4,7,5,4,6,0,1,0,1,1,1,0,2,0,1,0,0,0,1,0,0,1,0,1,0,0,0,1],"bins":[0,2.8125,5.625,8.4375,11.25,14.0625,16.875,19.6875,22.5,25.3125,28.125,30.9375,33.75,36.5625,39.375,42.1875,45,47.8125,50.625,53.4375,56.25,59.0625,61.875,64.6875,67.5,70.3125,73.125,75.9375,78.75,81.5625,84.375,87.1875,90]},"test_precision":0.5791391018391023,"_timestamp":1.732337368073183e+09,"val_precision":0.497794987143077,"_step":9,"validation_loss":1.660729125553338,"epoch":9,"_wandb":{"runtime":175}}