{"test_recall":0.5058333333333332,"run_id":"42rlps4z","_step":9,"val_f1":0.3956560009231573,"train_loss":1.418302469615695,"test_confusion_matrix":{"bins":[0,3.125,6.25,9.375,12.5,15.625,18.75,21.875,25,28.125,31.25,34.375,37.5,40.625,43.75,46.875,50,53.125,56.25,59.375,62.5,65.625,68.75,71.875,75,78.125,81.25,84.375,87.5,90.625,93.75,96.875,100],"_type":"histogram","values":[52,7,5,10,4,2,2,3,2,1,2,2,1,0,0,0,0,0,0,1,1,1,1,0,0,0,0,0,1,0,1,1]},"test_precision":0.5785337330363041,"train_acc":0.5108,"val_confusion_matrix":{"values":[45,6,3,14,7,2,2,5,1,2,1,1,2,2,0,0,0,3,0,0,0,0,0,0,1,0,0,1,1,0,0,1],"bins":[0,2.8125,5.625,8.4375,11.25,14.0625,16.875,19.6875,22.5,25.3125,28.125,30.9375,33.75,36.5625,39.375,42.1875,45,47.8125,50.625,53.4375,56.25,59.0625,61.875,64.6875,67.5,70.3125,73.125,75.9375,78.75,81.5625,84.375,87.1875,90],"_type":"histogram"},"validation_acc":0.42916666666666664,"_timestamp":1.7323692868137944e+09,"val_precision":0.5230075892699761,"validation_loss":1.7859962556530566,"epoch":9,"_runtime":298.214156372,"test_acc":0.5058333333333334,"val_recall":0.4291666666666666,"test_f1":0.4857604246578294,"_wandb":{"runtime":299}}