{"val_confusion_matrix":{"bins":[0,2.375,4.75,7.125,9.5,11.875,14.25,16.625,19,21.375,23.75,26.125,28.5,30.875,33.25,35.625,38,40.375,42.75,45.125,47.5,49.875,52.25,54.625,57,59.375,61.75,64.125,66.5,68.875,71.25,73.625,76],"_type":"histogram","values":[42,7,11,3,8,2,1,2,3,1,1,1,2,3,0,2,2,2,3,0,0,0,0,1,0,0,0,0,1,1,0,1]},"_runtime":299.80397131,"train_acc":0.3774,"test_acc":0.36,"test_f1":0.31965953969941086,"_timestamp":1.732373085791078e+09,"epoch":9,"run_id":"qt6vo7ch","test_precision":0.348273989593357,"_step":9,"validation_loss":2.1659215221134946,"train_loss":1.763058775587927,"_wandb":{"runtime":301},"test_recall":0.36,"val_precision":0.22586317174040227,"val_recall":0.25666666666666665,"validation_acc":0.25666666666666665,"val_f1":0.21811037681345563,"test_confusion_matrix":{"bins":[0,2.90625,5.8125,8.71875,11.625,14.53125,17.4375,20.34375,23.25,26.15625,29.0625,31.96875,34.875,37.78125,40.6875,43.59375,46.5,49.40625,52.3125,55.21875,58.125,61.03125,63.9375,66.84375,69.75,72.65625,75.5625,78.46875,81.375,84.28125,87.1875,90.09375,93],"_type":"histogram","values":[50,8,2,11,2,3,6,2,0,4,1,1,0,0,0,3,0,0,0,1,1,1,0,1,1,0,1,0,0,0,0,1]}}