{"epoch":9,"_timestamp":1.732316141552357e+09,"val_confusion_matrix":{"_type":"histogram","values":[60,11,6,7,2,2,1,0,1,0,0,0,0,0,1,0,0,1,1,0,0,0,1,1,1,1,0,1,0,0,1,1],"bins":[0,3.59375,7.1875,10.78125,14.375,17.96875,21.5625,25.15625,28.75,32.34375,35.9375,39.53125,43.125,46.71875,50.3125,53.90625,57.5,61.09375,64.6875,68.28125,71.875,75.46875,79.0625,82.65625,86.25,89.84375,93.4375,97.03125,100.625,104.21875,107.8125,111.40625,115]},"test_confusion_matrix":{"values":[67,7,6,2,4,4,0,0,0,0,0,0,0,0,0,0,0,0,0,0,2,1,0,0,1,2,0,3,0,0,0,1],"bins":[0,3.625,7.25,10.875,14.5,18.125,21.75,25.375,29,32.625,36.25,39.875,43.5,47.125,50.75,54.375,58,61.625,65.25,68.875,72.5,76.125,79.75,83.375,87,90.625,94.25,97.875,101.5,105.125,108.75,112.375,116],"_type":"histogram"},"test_precision":0.7895127777098455,"run_id":"ck7ecxub","train_acc":0.6194,"val_precision":0.7284838471305404,"val_f1":0.7043927684665208,"_wandb":{"runtime":225},"_step":9,"train_loss":1.1386701635599137,"validation_loss":0.9083832581440887,"test_recall":0.765,"validation_acc":0.7066666666666667,"test_f1":0.7683130169356099,"val_recall":0.7066666666666668,"test_acc":0.765,"_runtime":225.128109461}