{"_runtime":188.373137503,"validation_acc":0.31083333333333335,"val_precision":0.38041586053924653,"train_acc":0.3418,"val_f1":0.28369820800797896,"test_f1":0.38455080896752597,"validation_loss":1.7636386118425678,"test_recall":0.39333333333333326,"test_confusion_matrix":{"_type":"histogram","values":[46,10,5,6,2,3,3,9,0,0,3,3,2,1,0,0,3,0,0,0,0,0,0,0,2,0,0,1,0,0,0,1],"bins":[0,2.84375,5.6875,8.53125,11.375,14.21875,17.0625,19.90625,22.75,25.59375,28.4375,31.28125,34.125,36.96875,39.8125,42.65625,45.5,48.34375,51.1875,54.03125,56.875,59.71875,62.5625,65.40625,68.25,71.09375,73.9375,76.78125,79.625,82.46875,85.3125,88.15625,91]},"epoch":9,"train_loss":1.8349315214760695,"val_confusion_matrix":{"values":[48,9,3,8,4,2,3,1,3,2,2,3,2,1,0,2,0,0,2,1,1,0,0,0,1,0,0,0,1,0,0,1],"bins":[0,2.71875,5.4375,8.15625,10.875,13.59375,16.3125,19.03125,21.75,24.46875,27.1875,29.90625,32.625,35.34375,38.0625,40.78125,43.5,46.21875,48.9375,51.65625,54.375,57.09375,59.8125,62.53125,65.25,67.96875,70.6875,73.40625,76.125,78.84375,81.5625,84.28125,87],"_type":"histogram"},"_step":9,"_timestamp":1.7323079437280467e+09,"val_recall":0.31083333333333335,"test_precision":0.44852831930787707,"run_id":"un5jg4uo","test_acc":0.3933333333333333,"_wandb":{"runtime":188}}