{"test_recall":0.6666666666666667,"test_f1":0.6678911903047685,"test_acc":0.6666666666666666,"train_acc":0.6902,"epoch":9,"test_confusion_matrix":{"values":[60,8,9,1,4,5,2,0,1,0,0,0,1,0,0,0,0,2,1,1,0,2,0,0,0,0,0,0,2,0,0,1],"bins":[0,3.6875,7.375,11.0625,14.75,18.4375,22.125,25.8125,29.5,33.1875,36.875,40.5625,44.25,47.9375,51.625,55.3125,59,62.6875,66.375,70.0625,73.75,77.4375,81.125,84.8125,88.5,92.1875,95.875,99.5625,103.25,106.9375,110.625,114.3125,118],"_type":"histogram"},"val_recall":0.6649999999999998,"_timestamp":1.7323294556073637e+09,"test_precision":0.7501786357192664,"val_f1":0.6591280458652504,"validation_acc":0.665,"val_confusion_matrix":{"values":[61,9,5,6,2,4,1,0,1,1,0,1,1,0,0,1,0,0,0,1,0,0,2,0,0,2,0,1,0,0,0,1],"bins":[0,3.75,7.5,11.25,15,18.75,22.5,26.25,30,33.75,37.5,41.25,45,48.75,52.5,56.25,60,63.75,67.5,71.25,75,78.75,82.5,86.25,90,93.75,97.5,101.25,105,108.75,112.5,116.25,120],"_type":"histogram"},"val_precision":0.722054866095712,"_step":9,"_wandb":{"runtime":186},"run_id":"fzv8wxfn","validation_loss":0.9724564832006944,"train_loss":0.9418884424646948,"_runtime":186.814527747}