{"run_id":"y23w7lme","train_loss":1.0316367999763245,"epoch":9,"val_precision":0.790301550043065,"val_f1":0.7528676556603779,"_step":9,"val_confusion_matrix":{"_type":"histogram","values":[62,8,16,1,1,0,0,0,0,0,1,0,1,0,0,0,1,0,0,1,0,0,0,0,1,0,1,0,0,3,2,1],"bins":[0,3.375,6.75,10.125,13.5,16.875,20.25,23.625,27,30.375,33.75,37.125,40.5,43.875,47.25,50.625,54,57.375,60.75,64.125,67.5,70.875,74.25,77.625,81,84.375,87.75,91.125,94.5,97.875,101.25,104.625,108]},"test_recall":0.7799999999999999,"validation_acc":0.755,"test_acc":0.78,"test_confusion_matrix":{"values":[69,5,6,4,3,0,2,0,1,0,0,0,0,0,0,0,0,0,0,0,0,1,0,0,0,1,0,1,0,1,2,4],"bins":[0,3.21875,6.4375,9.65625,12.875,16.09375,19.3125,22.53125,25.75,28.96875,32.1875,35.40625,38.625,41.84375,45.0625,48.28125,51.5,54.71875,57.9375,61.15625,64.375,67.59375,70.8125,74.03125,77.25,80.46875,83.6875,86.90625,90.125,93.34375,96.5625,99.78125,103],"_type":"histogram"},"val_recall":0.7550000000000001,"test_f1":0.7818831974404807,"test_precision":0.792340768632796,"_wandb":{"runtime":187},"_timestamp":1.732327690075058e+09,"_runtime":187.594131199,"train_acc":0.663,"validation_loss":0.7094468418476754}