{"val_precision":0.805169328792586,"_runtime":179.183237495,"train_acc":0.741,"train_loss":0.7988301417495631,"test_precision":0.7629095814255058,"val_confusion_matrix":{"_type":"histogram","values":[71,3,6,1,1,1,2,0,3,1,0,1,0,0,0,2,1,0,0,1,0,0,0,0,1,1,0,0,1,0,1,2],"bins":[0,3.59375,7.1875,10.78125,14.375,17.96875,21.5625,25.15625,28.75,32.34375,35.9375,39.53125,43.125,46.71875,50.3125,53.90625,57.5,61.09375,64.6875,68.28125,71.875,75.46875,79.0625,82.65625,86.25,89.84375,93.4375,97.03125,100.625,104.21875,107.8125,111.40625,115]},"_timestamp":1.732328474049211e+09,"run_id":"1xuosqc8","test_acc":0.6916666666666667,"test_f1":0.6904463636375039,"test_confusion_matrix":{"bins":[0,3.625,7.25,10.875,14.5,18.125,21.75,25.375,29,32.625,36.25,39.875,43.5,47.125,50.75,54.375,58,61.625,65.25,68.875,72.5,76.125,79.75,83.375,87,90.625,94.25,97.875,101.5,105.125,108.75,112.375,116],"_type":"histogram","values":[64,6,6,6,4,1,1,0,0,0,0,2,0,1,1,0,0,1,0,0,0,0,0,1,3,0,0,0,2,0,0,1]},"val_f1":0.7039630443266146,"validation_acc":0.7008333333333333,"_step":9,"epoch":9,"test_recall":0.6916666666666667,"_wandb":{"runtime":179},"val_recall":0.7008333333333333,"validation_loss":0.9887617772348616}