{"val_f1":0.7481897736487497,"val_recall":0.7508333333333332,"_runtime":201.519352105,"_step":9,"validation_acc":0.7508333333333334,"_wandb":{"runtime":201},"train_loss":1.1513338814528224,"epoch":9,"test_confusion_matrix":{"values":[62,10,9,1,4,3,0,1,0,0,0,0,0,0,0,0,2,0,0,0,0,0,0,0,1,1,0,1,1,2,0,2],"bins":[0,3.40625,6.8125,10.21875,13.625,17.03125,20.4375,23.84375,27.25,30.65625,34.0625,37.46875,40.875,44.28125,47.6875,51.09375,54.5,57.90625,61.3125,64.71875,68.125,71.53125,74.9375,78.34375,81.75,85.15625,88.5625,91.96875,95.375,98.78125,102.1875,105.59375,109],"_type":"histogram"},"_timestamp":1.7323148667622817e+09,"validation_loss":0.8675280261438335,"val_precision":0.7837737746354863,"test_acc":0.7391666666666666,"test_recall":0.7391666666666666,"train_acc":0.6188,"run_id":"062h4acy","val_confusion_matrix":{"_type":"histogram","values":[63,9,10,4,0,2,0,1,1,0,0,0,0,0,0,0,1,0,1,0,0,0,1,0,1,0,0,0,0,2,3,1],"bins":[0,3.40625,6.8125,10.21875,13.625,17.03125,20.4375,23.84375,27.25,30.65625,34.0625,37.46875,40.875,44.28125,47.6875,51.09375,54.5,57.90625,61.3125,64.71875,68.125,71.53125,74.9375,78.34375,81.75,85.15625,88.5625,91.96875,95.375,98.78125,102.1875,105.59375,109]},"test_precision":0.7613669613843841,"test_f1":0.736186466847229}