{"_timestamp":1.7323266854781637e+09,"test_precision":0.7967109909606968,"_step":9,"train_loss":1.013603024844882,"test_acc":0.7858333333333334,"val_precision":0.7684796036476412,"val_f1":0.7494661316937398,"train_acc":0.6752,"epoch":9,"_wandb":{"runtime":178},"test_recall":0.7858333333333333,"test_f1":0.7861308532316644,"test_confusion_matrix":{"bins":[0,3.375,6.75,10.125,13.5,16.875,20.25,23.625,27,30.375,33.75,37.125,40.5,43.875,47.25,50.625,54,57.375,60.75,64.125,67.5,70.875,74.25,77.625,81,84.375,87.75,91.125,94.5,97.875,101.25,104.625,108],"_type":"histogram","values":[65,8,10,3,2,1,0,1,0,0,0,0,0,0,0,0,0,0,0,0,0,1,0,0,0,2,1,0,0,4,0,2]},"val_confusion_matrix":{"bins":[0,3.375,6.75,10.125,13.5,16.875,20.25,23.625,27,30.375,33.75,37.125,40.5,43.875,47.25,50.625,54,57.375,60.75,64.125,67.5,70.875,74.25,77.625,81,84.375,87.75,91.125,94.5,97.875,101.25,104.625,108],"_type":"histogram","values":[63,7,13,2,0,4,0,0,0,0,1,0,0,0,0,0,0,0,0,0,0,1,0,3,0,0,2,0,0,3,0,1]},"validation_loss":0.7644189041796987,"run_id":"f3c1b2tb","_runtime":178.095932844,"validation_acc":0.7491666666666666,"val_recall":0.7491666666666668}