{"validation_acc":0.22916666666666666,"epoch":9,"_wandb":{"runtime":191},"val_recall":0.22916666666666669,"test_precision":0.1946333581620753,"_step":9,"run_id":"ghfzr5a7","train_loss":2.1679764849365135,"val_precision":0.20127091478786205,"_runtime":191.035514109,"train_acc":0.217,"_timestamp":1.7323157044977186e+09,"test_acc":0.20583333333333334,"validation_loss":2.149650199369838,"val_f1":0.19388357253967842,"test_confusion_matrix":{"bins":[0,2.28125,4.5625,6.84375,9.125,11.40625,13.6875,15.96875,18.25,20.53125,22.8125,25.09375,27.375,29.65625,31.9375,34.21875,36.5,38.78125,41.0625,43.34375,45.625,47.90625,50.1875,52.46875,54.75,57.03125,59.3125,61.59375,63.875,66.15625,68.4375,70.71875,73],"_type":"histogram","values":[41,3,5,6,13,1,5,2,3,0,3,0,1,6,2,1,1,1,0,1,1,1,1,0,0,0,0,0,1,0,0,1]},"test_f1":0.17881959955558258,"val_confusion_matrix":{"bins":[0,2.8125,5.625,8.4375,11.25,14.0625,16.875,19.6875,22.5,25.3125,28.125,30.9375,33.75,36.5625,39.375,42.1875,45,47.8125,50.625,53.4375,56.25,59.0625,61.875,64.6875,67.5,70.3125,73.125,75.9375,78.75,81.5625,84.375,87.1875,90],"_type":"histogram","values":[45,1,5,12,7,4,3,3,1,3,6,0,1,2,2,0,2,2,0,0,0,0,0,0,0,0,0,0,0,0,0,1]},"test_recall":0.2058333333333333}