{"test_precision":0.2229783182192732,"train_loss":2.144902908325195,"_runtime":205.02253789,"run_id":"to0cszd9","validation_acc":0.24666666666666667,"val_f1":0.19133412925118706,"test_f1":0.21364141947023185,"validation_loss":2.0330920198549483,"_timestamp":1.7323324195187132e+09,"val_recall":0.24666666666666667,"test_acc":0.25166666666666665,"val_confusion_matrix":{"values":[49,7,4,5,2,3,6,2,3,2,4,2,1,0,0,1,1,0,0,1,1,1,1,1,0,0,1,1,0,0,0,1],"bins":[0,2.5625,5.125,7.6875,10.25,12.8125,15.375,17.9375,20.5,23.0625,25.625,28.1875,30.75,33.3125,35.875,38.4375,41,43.5625,46.125,48.6875,51.25,53.8125,56.375,58.9375,61.5,64.0625,66.625,69.1875,71.75,74.3125,76.875,79.4375,82],"_type":"histogram"},"_step":9,"test_recall":0.25166666666666665,"val_precision":0.1658497788628682,"_wandb":{"runtime":205},"train_acc":0.1938,"test_confusion_matrix":{"bins":[0,2.1875,4.375,6.5625,8.75,10.9375,13.125,15.3125,17.5,19.6875,21.875,24.0625,26.25,28.4375,30.625,32.8125,35,37.1875,39.375,41.5625,43.75,45.9375,48.125,50.3125,52.5,54.6875,56.875,59.0625,61.25,63.4375,65.625,67.8125,70],"_type":"histogram","values":[50,3,3,3,11,1,3,1,2,3,2,1,2,1,0,1,1,0,2,0,2,1,0,1,0,0,2,1,1,1,0,1]},"epoch":9}