{"validation_acc":0.7708333333333334,"epoch":9,"_runtime":183.205861473,"test_confusion_matrix":{"_type":"histogram","values":[72,8,4,3,0,2,0,1,0,0,0,0,0,0,0,0,0,0,0,1,0,1,0,0,1,0,2,0,1,2,1,1],"bins":[0,3.65625,7.3125,10.96875,14.625,18.28125,21.9375,25.59375,29.25,32.90625,36.5625,40.21875,43.875,47.53125,51.1875,54.84375,58.5,62.15625,65.8125,69.46875,73.125,76.78125,80.4375,84.09375,87.75,91.40625,95.0625,98.71875,102.375,106.03125,109.6875,113.34375,117]},"train_acc":0.693,"val_precision":0.7907794852608283,"test_precision":0.8441374880965624,"val_recall":0.7708333333333333,"test_f1":0.8165321891012919,"test_acc":0.8166666666666667,"_step":9,"test_recall":0.8166666666666667,"val_confusion_matrix":{"bins":[0,3.65625,7.3125,10.96875,14.625,18.28125,21.9375,25.59375,29.25,32.90625,36.5625,40.21875,43.875,47.53125,51.1875,54.84375,58.5,62.15625,65.8125,69.46875,73.125,76.78125,80.4375,84.09375,87.75,91.40625,95.0625,98.71875,102.375,106.03125,109.6875,113.34375,117],"_type":"histogram","values":[67,11,3,3,1,2,2,1,0,0,0,0,0,0,0,0,0,1,2,0,0,1,0,0,1,0,0,0,2,0,0,3]},"validation_loss":0.7646682388421232,"val_f1":0.7652126701694335,"_timestamp":1.7323348742892382e+09,"train_loss":0.9264525869212592,"run_id":"tqr5dtz8","_wandb":{"runtime":183}}