{"test_confusion_matrix":{"_type":"histogram","values":[40,4,11,3,3,8,4,4,6,3,1,3,2,0,1,1,0,0,1,1,0,0,1,0,0,0,1,0,1,0,0,1],"bins":[0,2.5,5,7.5,10,12.5,15,17.5,20,22.5,25,27.5,30,32.5,35,37.5,40,42.5,45,47.5,50,52.5,55,57.5,60,62.5,65,67.5,70,72.5,75,77.5,80]},"val_precision":0.2944485721611412,"_runtime":193.417537008,"train_acc":0.2498,"val_recall":0.295,"_timestamp":1.7323214395342193e+09,"train_loss":2.0214211365666253,"val_confusion_matrix":{"values":[37,9,6,5,13,2,3,1,2,5,4,2,3,0,1,0,2,0,0,0,0,1,0,0,0,1,1,0,0,1,0,1],"bins":[0,2.4375,4.875,7.3125,9.75,12.1875,14.625,17.0625,19.5,21.9375,24.375,26.8125,29.25,31.6875,34.125,36.5625,39,41.4375,43.875,46.3125,48.75,51.1875,53.625,56.0625,58.5,60.9375,63.375,65.8125,68.25,70.6875,73.125,75.5625,78],"_type":"histogram"},"test_recall":0.31666666666666665,"test_precision":0.35724148376389797,"epoch":9,"validation_acc":0.295,"_step":9,"validation_loss":1.8860474699351957,"test_f1":0.2926042552047178,"run_id":"0mqy3b16","val_f1":0.25924058302156616,"_wandb":{"runtime":193},"test_acc":0.31666666666666665}