{"_step":9,"test_f1":0.4849975711606871,"test_confusion_matrix":{"bins":[0,2.40625,4.8125,7.21875,9.625,12.03125,14.4375,16.84375,19.25,21.65625,24.0625,26.46875,28.875,31.28125,33.6875,36.09375,38.5,40.90625,43.3125,45.71875,48.125,50.53125,52.9375,55.34375,57.75,60.15625,62.5625,64.96875,67.375,69.78125,72.1875,74.59375,77],"_type":"histogram","values":[45,6,4,5,11,3,3,3,4,1,1,2,0,0,2,0,2,0,0,1,1,0,0,0,0,1,1,0,2,1,0,1]},"test_precision":0.528605761116317,"train_loss":1.7820911521364928,"val_recall":0.41083333333333333,"val_f1":0.4022305332227689,"validation_loss":1.721714554911125,"epoch":9,"_timestamp":1.732334486973989e+09,"_runtime":178.603173514,"validation_acc":0.41083333333333333,"train_acc":0.362,"val_precision":0.46428951706479554,"test_acc":0.4841666666666667,"val_confusion_matrix":{"values":[39,9,7,9,6,3,6,3,5,3,2,2,0,1,0,0,0,0,1,1,1,0,1,0,0,0,0,0,0,0,0,1],"bins":[0,2.96875,5.9375,8.90625,11.875,14.84375,17.8125,20.78125,23.75,26.71875,29.6875,32.65625,35.625,38.59375,41.5625,44.53125,47.5,50.46875,53.4375,56.40625,59.375,62.34375,65.3125,68.28125,71.25,74.21875,77.1875,80.15625,83.125,86.09375,89.0625,92.03125,95],"_type":"histogram"},"test_recall":0.4841666666666667,"_wandb":{"runtime":178},"run_id":"6xpjutsw"}