{"test_precision":0.5307112016413239,"val_f1":0.30042979265253167,"test_recall":0.4416666666666666,"_runtime":193.686122624,"epoch":9,"val_recall":0.31333333333333335,"val_confusion_matrix":{"_type":"histogram","values":[44,6,4,10,3,4,1,5,1,3,5,2,1,1,0,3,3,0,0,0,1,0,2,0,0,0,0,0,0,0,0,1],"bins":[0,2.53125,5.0625,7.59375,10.125,12.65625,15.1875,17.71875,20.25,22.78125,25.3125,27.84375,30.375,32.90625,35.4375,37.96875,40.5,43.03125,45.5625,48.09375,50.625,53.15625,55.6875,58.21875,60.75,63.28125,65.8125,68.34375,70.875,73.40625,75.9375,78.46875,81]},"test_f1":0.43950190034198905,"validation_acc":0.31333333333333335,"_wandb":{"runtime":193},"train_loss":1.8985103444688638,"val_precision":0.4267649888957513,"validation_loss":1.9146986298263073,"train_acc":0.321,"_timestamp":1.7323115251089756e+09,"test_confusion_matrix":{"_type":"histogram","values":[53,5,6,11,1,0,2,4,2,1,3,1,1,1,1,1,3,1,0,0,0,0,0,1,0,1,0,0,0,0,0,1],"bins":[0,3.125,6.25,9.375,12.5,15.625,18.75,21.875,25,28.125,31.25,34.375,37.5,40.625,43.75,46.875,50,53.125,56.25,59.375,62.5,65.625,68.75,71.875,75,78.125,81.25,84.375,87.5,90.625,93.75,96.875,100]},"_step":9,"test_acc":0.44166666666666665,"run_id":"pfntdkw1"}