{"epoch":9,"val_f1":0.7273144152191684,"test_f1":0.7660863156048048,"test_precision":0.7986891915320434,"train_acc":0.608,"validation_loss":0.8455508812740542,"_runtime":196.006677663,"test_recall":0.7666666666666666,"val_confusion_matrix":{"_type":"histogram","values":[64,9,3,7,3,1,1,1,1,0,0,0,0,0,0,0,1,0,0,0,3,0,1,0,0,0,2,1,1,0,0,1],"bins":[0,3.59375,7.1875,10.78125,14.375,17.96875,21.5625,25.15625,28.75,32.34375,35.9375,39.53125,43.125,46.71875,50.3125,53.90625,57.5,61.09375,64.6875,68.28125,71.875,75.46875,79.0625,82.65625,86.25,89.84375,93.4375,97.03125,100.625,104.21875,107.8125,111.40625,115]},"val_recall":0.7224999999999999,"_timestamp":1.7323102608128479e+09,"_wandb":{"runtime":196},"test_acc":0.7666666666666667,"run_id":"8fyxjt6g","train_loss":1.1811209413380668,"val_precision":0.7682621578704343,"validation_acc":0.7225,"test_confusion_matrix":{"_type":"histogram","values":[66,10,6,2,2,2,2,0,0,0,0,0,0,0,0,0,0,0,2,0,0,0,1,0,1,1,1,0,1,0,0,3],"bins":[0,3.53125,7.0625,10.59375,14.125,17.65625,21.1875,24.71875,28.25,31.78125,35.3125,38.84375,42.375,45.90625,49.4375,52.96875,56.5,60.03125,63.5625,67.09375,70.625,74.15625,77.6875,81.21875,84.75,88.28125,91.8125,95.34375,98.875,102.40625,105.9375,109.46875,113]},"_step":9}