{"validation_loss":0.9340473074439902,"test_f1":0.7276031679067705,"test_confusion_matrix":{"bins":[0,3.5,7,10.5,14,17.5,21,24.5,28,31.5,35,38.5,42,45.5,49,52.5,56,59.5,63,66.5,70,73.5,77,80.5,84,87.5,91,94.5,98,101.5,105,108.5,112],"_type":"histogram","values":[67,6,9,1,1,1,3,1,1,0,0,0,0,0,0,1,0,0,0,0,0,0,1,1,3,0,2,0,0,0,1,1]},"_timestamp":1.7323367982141092e+09,"_runtime":195.766733406,"epoch":9,"val_recall":0.6900000000000001,"val_confusion_matrix":{"bins":[0,3.21875,6.4375,9.65625,12.875,16.09375,19.3125,22.53125,25.75,28.96875,32.1875,35.40625,38.625,41.84375,45.0625,48.28125,51.5,54.71875,57.9375,61.15625,64.375,67.59375,70.8125,74.03125,77.25,80.46875,83.6875,86.90625,90.125,93.34375,96.5625,99.78125,103],"_type":"histogram","values":[58,8,8,8,2,2,1,2,0,0,0,1,0,0,0,0,0,0,0,1,1,0,2,1,0,0,0,1,1,0,2,1]},"val_f1":0.6922971757903491,"test_recall":0.7283333333333333,"test_acc":0.7283333333333334,"_wandb":{"runtime":195},"test_precision":0.759471781986454,"validation_acc":0.69,"_step":9,"train_acc":0.5826,"val_precision":0.7155704159131535,"run_id":"38f5n9t7","train_loss":1.2627771512508392}