{"test_acc":0.7208333333333333,"val_recall":0.6683333333333332,"_timestamp":1.73231508946167e+09,"run_id":"70ee77xg","epoch":9,"test_precision":0.749103775285607,"validation_loss":1.0026901217209525,"train_loss":1.4557019730091094,"test_f1":0.7238809027917543,"val_confusion_matrix":{"values":[56,6,6,15,1,2,4,0,0,0,1,0,0,0,0,1,0,0,0,0,0,1,1,0,1,1,0,0,1,0,0,3],"bins":[0,3.3125,6.625,9.9375,13.25,16.5625,19.875,23.1875,26.5,29.8125,33.125,36.4375,39.75,43.0625,46.375,49.6875,53,56.3125,59.625,62.9375,66.25,69.5625,72.875,76.1875,79.5,82.8125,86.125,89.4375,92.75,96.0625,99.375,102.6875,106],"_type":"histogram"},"test_recall":0.7208333333333334,"test_confusion_matrix":{"values":[64,4,13,3,3,1,1,0,0,0,0,1,0,0,0,0,0,0,0,3,1,1,1,0,1,1,0,0,1,0,0,1],"bins":[0,3.71875,7.4375,11.15625,14.875,18.59375,22.3125,26.03125,29.75,33.46875,37.1875,40.90625,44.625,48.34375,52.0625,55.78125,59.5,63.21875,66.9375,70.65625,74.375,78.09375,81.8125,85.53125,89.25,92.96875,96.6875,100.40625,104.125,107.84375,111.5625,115.28125,119],"_type":"histogram"},"val_precision":0.6760755664624662,"_wandb":{"runtime":216},"val_f1":0.6585564902006638,"_step":9,"train_acc":0.513,"validation_acc":0.6683333333333333,"_runtime":216.702010834}