{"train_acc":0.3238,"test_recall":0.39249999999999996,"val_confusion_matrix":{"values":[49,4,3,9,10,1,4,1,3,5,5,1,2,0,0,0,1,0,0,0,0,0,0,0,0,0,1,0,0,0,0,1],"bins":[0,3.25,6.5,9.75,13,16.25,19.5,22.75,26,29.25,32.5,35.75,39,42.25,45.5,48.75,52,55.25,58.5,61.75,65,68.25,71.5,74.75,78,81.25,84.5,87.75,91,94.25,97.5,100.75,104],"_type":"histogram"},"_wandb":{"runtime":191},"val_precision":0.36237555060738647,"val_recall":0.31083333333333335,"epoch":9,"validation_acc":0.31083333333333335,"_timestamp":1.7323125161070027e+09,"_step":9,"_runtime":191.697332175,"test_confusion_matrix":{"values":[48,7,3,7,3,1,2,2,7,3,2,3,0,4,0,2,1,0,0,0,2,0,0,1,0,0,0,0,1,0,0,1],"bins":[0,2.59375,5.1875,7.78125,10.375,12.96875,15.5625,18.15625,20.75,23.34375,25.9375,28.53125,31.125,33.71875,36.3125,38.90625,41.5,44.09375,46.6875,49.28125,51.875,54.46875,57.0625,59.65625,62.25,64.84375,67.4375,70.03125,72.625,75.21875,77.8125,80.40625,83],"_type":"histogram"},"test_acc":0.3925,"val_f1":0.28926203937415496,"train_loss":1.9133169696589185,"validation_loss":1.9172709497370821,"run_id":"8602y2us","test_precision":0.4457212572858783,"test_f1":0.39230897795193814}