{"epoch":9,"_wandb":{"runtime":200},"validation_acc":0.6491666666666667,"train_loss":1.4674525142669679,"test_f1":0.7377621379535231,"_runtime":200.416849569,"val_confusion_matrix":{"values":[58,9,9,4,4,3,1,1,0,1,0,0,0,1,1,1,0,0,1,0,2,0,0,1,1,0,1,0,0,0,0,1],"bins":[0,3.71875,7.4375,11.15625,14.875,18.59375,22.3125,26.03125,29.75,33.46875,37.1875,40.90625,44.625,48.34375,52.0625,55.78125,59.5,63.21875,66.9375,70.65625,74.375,78.09375,81.8125,85.53125,89.25,92.96875,96.6875,100.40625,104.125,107.84375,111.5625,115.28125,119],"_type":"histogram"},"run_id":"7dmwpx3e","val_recall":0.6491666666666667,"train_acc":0.4966,"test_confusion_matrix":{"bins":[0,3.625,7.25,10.875,14.5,18.125,21.75,25.375,29,32.625,36.25,39.875,43.5,47.125,50.75,54.375,58,61.625,65.25,68.875,72.5,76.125,79.75,83.375,87,90.625,94.25,97.875,101.5,105.125,108.75,112.375,116],"_type":"histogram","values":[66,7,6,3,3,3,1,0,1,0,0,0,0,0,0,0,0,0,1,1,1,1,1,0,2,0,0,1,0,0,0,2]},"_timestamp":1.7323257158599055e+09,"test_acc":0.7375,"test_recall":0.7375,"val_precision":0.6667578383851889,"test_precision":0.7619561583327983,"_step":9,"val_f1":0.6459389625024768,"validation_loss":1.046877431442258}