{"test_recall":0.8391666666666667,"train_acc":0.7146,"test_f1":0.837704366177678,"test_precision":0.8508229197715202,"val_recall":0.7975000000000001,"test_confusion_matrix":{"values":[73,8,5,1,1,1,1,0,0,0,0,0,0,0,0,0,0,0,0,0,1,0,0,0,1,0,0,1,2,1,2,2],"bins":[0,3.5625,7.125,10.6875,14.25,17.8125,21.375,24.9375,28.5,32.0625,35.625,39.1875,42.75,46.3125,49.875,53.4375,57,60.5625,64.125,67.6875,71.25,74.8125,78.375,81.9375,85.5,89.0625,92.625,96.1875,99.75,103.3125,106.875,110.4375,114],"_type":"histogram"},"run_id":"j0yqugod","_wandb":{"runtime":188},"validation_acc":0.7975,"validation_loss":0.5897692891354472,"_timestamp":1.7323280837282894e+09,"train_loss":0.8743898875225847,"test_acc":0.8391666666666666,"val_f1":0.7955928871641016,"epoch":9,"_runtime":188.50145432,"_step":9,"val_confusion_matrix":{"values":[65,10,10,3,1,1,0,0,0,0,0,0,0,0,0,0,0,0,0,1,0,0,1,1,0,0,2,1,1,0,0,3],"bins":[0,3.53125,7.0625,10.59375,14.125,17.65625,21.1875,24.71875,28.25,31.78125,35.3125,38.84375,42.375,45.90625,49.4375,52.96875,56.5,60.03125,63.5625,67.09375,70.625,74.15625,77.6875,81.21875,84.75,88.28125,91.8125,95.34375,98.875,102.40625,105.9375,109.46875,113],"_type":"histogram"},"val_precision":0.8081052705217523}