{"test_confusion_matrix":{"values":[49,6,5,5,3,2,2,4,5,3,4,2,1,2,0,0,1,1,0,0,0,2,1,0,1,0,0,0,0,0,0,1],"bins":[0,2.75,5.5,8.25,11,13.75,16.5,19.25,22,24.75,27.5,30.25,33,35.75,38.5,41.25,44,46.75,49.5,52.25,55,57.75,60.5,63.25,66,68.75,71.5,74.25,77,79.75,82.5,85.25,88],"_type":"histogram"},"test_acc":0.2825,"test_f1":0.2589840755292955,"validation_acc":0.31583333333333335,"train_acc":0.269,"test_recall":0.28250000000000003,"val_recall":0.3158333333333333,"_runtime":201.48333168,"val_precision":0.34819677389494397,"_step":9,"val_confusion_matrix":{"_type":"histogram","values":[49,6,5,2,4,7,6,4,0,1,6,1,2,2,0,0,0,2,0,0,0,1,0,0,0,0,1,0,0,0,0,1],"bins":[0,2.96875,5.9375,8.90625,11.875,14.84375,17.8125,20.78125,23.75,26.71875,29.6875,32.65625,35.625,38.59375,41.5625,44.53125,47.5,50.46875,53.4375,56.40625,59.375,62.34375,65.3125,68.28125,71.25,74.21875,77.1875,80.15625,83.125,86.09375,89.0625,92.03125,95]},"val_f1":0.2829774642005879,"train_loss":2.018410188102722,"run_id":"ntgo9n7z","epoch":9,"_wandb":{"runtime":201},"validation_loss":1.920649027377367,"test_precision":0.39384862098916756,"_timestamp":1.7323228201734045e+09}