{"val_confusion_matrix":{"_type":"histogram","values":[47,6,3,4,5,0,3,4,6,2,4,1,2,1,1,2,0,3,0,0,1,1,0,0,0,0,2,0,1,0,0,1],"bins":[0,2.28125,4.5625,6.84375,9.125,11.40625,13.6875,15.96875,18.25,20.53125,22.8125,25.09375,27.375,29.65625,31.9375,34.21875,36.5,38.78125,41.0625,43.34375,45.625,47.90625,50.1875,52.46875,54.75,57.03125,59.3125,61.59375,63.875,66.15625,68.4375,70.71875,73]},"_timestamp":1.7323249301460671e+09,"val_recall":0.25416666666666665,"epoch":9,"run_id":"hw313lbn","train_acc":0.2334,"test_f1":0.24689563892448946,"_wandb":{"runtime":184},"val_precision":0.24573624105425837,"val_f1":0.21949980408269248,"test_acc":0.2608333333333333,"_step":9,"validation_loss":2.0768036710470916,"validation_acc":0.25416666666666665,"train_loss":2.085832087097654,"test_confusion_matrix":{"values":[38,5,4,3,3,10,7,0,3,2,3,1,1,0,0,0,4,0,2,0,4,0,1,3,0,1,0,1,1,0,0,3],"bins":[0,1.71875,3.4375,5.15625,6.875,8.59375,10.3125,12.03125,13.75,15.46875,17.1875,18.90625,20.625,22.34375,24.0625,25.78125,27.5,29.21875,30.9375,32.65625,34.375,36.09375,37.8125,39.53125,41.25,42.96875,44.6875,46.40625,48.125,49.84375,51.5625,53.28125,55],"_type":"histogram"},"_runtime":184.677799817,"test_recall":0.26083333333333336,"test_precision":0.28339672446392006}