{"test_confusion_matrix":{"values":[72,4,8,2,0,4,0,0,0,0,0,0,0,0,0,0,0,0,0,0,1,0,0,1,0,1,1,2,1,0,2,1],"bins":[0,3.59375,7.1875,10.78125,14.375,17.96875,21.5625,25.15625,28.75,32.34375,35.9375,39.53125,43.125,46.71875,50.3125,53.90625,57.5,61.09375,64.6875,68.28125,71.875,75.46875,79.0625,82.65625,86.25,89.84375,93.4375,97.03125,100.625,104.21875,107.8125,111.40625,115],"_type":"histogram"},"_step":9,"val_confusion_matrix":{"values":[68,5,10,3,0,3,0,0,1,0,0,0,0,0,0,0,0,0,0,2,0,0,1,0,0,0,0,1,2,0,2,2],"bins":[0,3.5,7,10.5,14,17.5,21,24.5,28,31.5,35,38.5,42,45.5,49,52.5,56,59.5,63,66.5,70,73.5,77,80.5,84,87.5,91,94.5,98,101.5,105,108.5,112],"_type":"histogram"},"train_acc":0.708,"_wandb":{"runtime":191},"val_precision":0.8245933859657562,"train_loss":0.9095927600662548,"validation_loss":0.7120531876145303,"test_acc":0.815,"epoch":9,"test_recall":0.8150000000000001,"_timestamp":1.7323198094650037e+09,"test_f1":0.8186150055959039,"run_id":"fu2loz10","test_precision":0.8509656528024125,"val_recall":0.7883333333333333,"val_f1":0.7900382083016964,"_runtime":191.412861257,"validation_acc":0.7883333333333333}