{"test_acc":0.4325,"test_confusion_matrix":{"values":[41,9,3,5,8,6,2,2,6,2,2,1,2,0,1,0,2,0,1,0,1,0,1,1,0,1,0,0,0,1,1,1],"bins":[0,2.3125,4.625,6.9375,9.25,11.5625,13.875,16.1875,18.5,20.8125,23.125,25.4375,27.75,30.0625,32.375,34.6875,37,39.3125,41.625,43.9375,46.25,48.5625,50.875,53.1875,55.5,57.8125,60.125,62.4375,64.75,67.0625,69.375,71.6875,74],"_type":"histogram"},"run_id":"0p6o6mar","test_f1":0.432429171180811,"test_precision":0.4712754063196522,"_step":9,"epoch":9,"train_loss":1.8695824654998294,"train_acc":0.3568,"val_confusion_matrix":{"values":[40,7,5,14,3,4,5,5,3,0,2,1,5,0,2,1,0,0,0,0,0,0,0,0,0,1,0,0,1,0,0,1],"bins":[0,2.78125,5.5625,8.34375,11.125,13.90625,16.6875,19.46875,22.25,25.03125,27.8125,30.59375,33.375,36.15625,38.9375,41.71875,44.5,47.28125,50.0625,52.84375,55.625,58.40625,61.1875,63.96875,66.75,69.53125,72.3125,75.09375,77.875,80.65625,83.4375,86.21875,89],"_type":"histogram"},"val_precision":0.47266966016277073,"_runtime":176.448282219,"validation_loss":1.7819034220200654,"validation_acc":0.4025,"_timestamp":1.7323331803569343e+09,"val_f1":0.3952427418803254,"val_recall":0.4025,"test_recall":0.4325,"_wandb":{"runtime":176}}