{"val_f1":0.13999193413946964,"validation_loss":2.1580718022584917,"_step":9,"run_id":"hr6h7l9w","_wandb":{"runtime":199},"val_recall":0.17166666666666666,"train_acc":0.168,"epoch":9,"test_f1":0.15068181294153976,"test_precision":0.2617676627140744,"_runtime":199.946094129,"test_recall":0.20416666666666666,"val_precision":0.20764082246204874,"test_confusion_matrix":{"_type":"histogram","values":[59,2,7,4,0,1,1,4,3,1,0,3,1,1,2,2,1,1,1,2,2,0,1,0,0,0,0,0,0,0,0,1],"bins":[0,2.8125,5.625,8.4375,11.25,14.0625,16.875,19.6875,22.5,25.3125,28.125,30.9375,33.75,36.5625,39.375,42.1875,45,47.8125,50.625,53.4375,56.25,59.0625,61.875,64.6875,67.5,70.3125,73.125,75.9375,78.75,81.5625,84.375,87.1875,90]},"test_acc":0.20416666666666666,"train_loss":2.216124636077881,"val_confusion_matrix":{"bins":[0,2.4375,4.875,7.3125,9.75,12.1875,14.625,17.0625,19.5,21.9375,24.375,26.8125,29.25,31.6875,34.125,36.5625,39,41.4375,43.875,46.3125,48.75,51.1875,53.625,56.0625,58.5,60.9375,63.375,65.8125,68.25,70.6875,73.125,75.5625,78],"_type":"histogram","values":[45,9,5,2,7,4,2,2,3,2,1,1,2,1,3,1,3,0,2,0,2,0,0,0,0,0,1,1,0,0,0,1]},"_timestamp":1.7323206294032075e+09,"validation_acc":0.17166666666666666}