{"epoch":9,"val_confusion_matrix":{"_type":"histogram","values":[64,8,7,3,2,4,1,0,1,0,0,0,0,0,0,0,0,1,0,0,1,1,0,0,0,1,0,2,2,0,1,1],"bins":[0,3.375,6.75,10.125,13.5,16.875,20.25,23.625,27,30.375,33.75,37.125,40.5,43.875,47.25,50.625,54,57.375,60.75,64.125,67.5,70.875,74.25,77.625,81,84.375,87.75,91.125,94.5,97.875,101.25,104.625,108]},"train_acc":0.6604,"val_recall":0.7291666666666667,"test_confusion_matrix":{"values":[68,7,6,2,2,3,1,0,0,1,0,0,0,0,0,0,1,0,0,0,0,0,0,2,0,0,2,1,2,1,0,1],"bins":[0,3.46875,6.9375,10.40625,13.875,17.34375,20.8125,24.28125,27.75,31.21875,34.6875,38.15625,41.625,45.09375,48.5625,52.03125,55.5,58.96875,62.4375,65.90625,69.375,72.84375,76.3125,79.78125,83.25,86.71875,90.1875,93.65625,97.125,100.59375,104.0625,107.53125,111],"_type":"histogram"},"train_loss":1.0174597773370864,"_step":9,"val_f1":0.7292251801862395,"validation_acc":0.7291666666666666,"_wandb":{"runtime":174},"_timestamp":1.7323354444714358e+09,"run_id":"bggtvmp8","test_precision":0.7879958506780602,"validation_loss":0.8808369625293563,"test_acc":0.7575,"val_precision":0.744109363668545,"_runtime":174.39660871,"test_f1":0.7569171498031766,"test_recall":0.7575000000000001}