{"_step":9,"test_f1":0.7466582595360569,"_timestamp":1.7323413310324798e+09,"test_acc":0.7375,"val_confusion_matrix":{"values":[61,10,4,8,2,1,2,2,0,0,0,0,0,0,0,1,0,0,0,0,1,0,1,3,1,1,1,0,0,0,0,1],"bins":[0,3.53125,7.0625,10.59375,14.125,17.65625,21.1875,24.71875,28.25,31.78125,35.3125,38.84375,42.375,45.90625,49.4375,52.96875,56.5,60.03125,63.5625,67.09375,70.625,74.15625,77.6875,81.21875,84.75,88.28125,91.8125,95.34375,98.875,102.40625,105.9375,109.46875,113],"_type":"histogram"},"val_precision":0.7742430223573458,"train_loss":0.962063500398322,"test_recall":0.7375,"validation_acc":0.7008333333333333,"val_f1":0.712631119118954,"run_id":"2fyjvb4m","_wandb":{"runtime":175},"val_recall":0.7008333333333333,"train_acc":0.6824,"epoch":9,"test_confusion_matrix":{"_type":"histogram","values":[69,4,8,1,4,1,1,0,1,0,1,0,0,0,0,1,1,0,0,0,1,0,1,0,2,1,1,0,1,0,0,1],"bins":[0,3.75,7.5,11.25,15,18.75,22.5,26.25,30,33.75,37.5,41.25,45,48.75,52.5,56.25,60,63.75,67.5,71.25,75,78.75,82.5,86.25,90,93.75,97.5,101.25,105,108.75,112.5,116.25,120]},"test_precision":0.8125390506207399,"_runtime":175.248066396,"validation_loss":0.9249615210265619}