{"_runtime":180.357243972,"test_f1":0.8266892964119645,"train_loss":0.8276135212258448,"test_precision":0.8374936978087597,"train_acc":0.7288,"_timestamp":1.7323222354089801e+09,"validation_acc":0.7825,"val_confusion_matrix":{"_type":"histogram","values":[67,9,8,1,2,1,1,1,0,0,0,0,0,0,0,0,0,0,0,1,0,0,1,1,1,1,0,0,1,2,1,1],"bins":[0,3.53125,7.0625,10.59375,14.125,17.65625,21.1875,24.71875,28.25,31.78125,35.3125,38.84375,42.375,45.90625,49.4375,52.96875,56.5,60.03125,63.5625,67.09375,70.625,74.15625,77.6875,81.21875,84.75,88.28125,91.8125,95.34375,98.875,102.40625,105.9375,109.46875,113]},"validation_loss":0.6905181370779367,"_wandb":{"runtime":180},"val_precision":0.7931641027789933,"epoch":9,"test_acc":0.8258333333333333,"val_recall":0.7825,"run_id":"rlq3084x","val_f1":0.7808166340408885,"test_recall":0.8258333333333333,"test_confusion_matrix":{"_type":"histogram","values":[70,8,8,1,0,2,1,0,0,0,0,0,0,0,0,0,0,0,0,0,0,0,1,0,0,2,2,0,2,0,1,2],"bins":[0,3.5625,7.125,10.6875,14.25,17.8125,21.375,24.9375,28.5,32.0625,35.625,39.1875,42.75,46.3125,49.875,53.4375,57,60.5625,64.125,67.6875,71.25,74.8125,78.375,81.9375,85.5,89.0625,92.625,96.1875,99.75,103.3125,106.875,110.4375,114]},"_step":9}