{"_timestamp":1.7323202304086177e+09,"train_acc":0.1842,"val_precision":0.12919243302917052,"train_loss":2.1869853149414062,"_runtime":214.176421514,"test_acc":0.245,"validation_loss":2.2634848762551942,"val_recall":0.17583333333333334,"val_confusion_matrix":{"_type":"histogram","values":[44,4,4,13,5,2,4,0,5,3,2,1,1,1,2,3,0,1,0,1,2,0,0,0,0,0,1,0,0,0,0,1],"bins":[0,2.59375,5.1875,7.78125,10.375,12.96875,15.5625,18.15625,20.75,23.34375,25.9375,28.53125,31.125,33.71875,36.3125,38.90625,41.5,44.09375,46.6875,49.28125,51.875,54.46875,57.0625,59.65625,62.25,64.84375,67.4375,70.03125,72.625,75.21875,77.8125,80.40625,83]},"run_id":"4kgk18s3","val_f1":0.12941773702036358,"epoch":9,"_wandb":{"runtime":214},"test_recall":0.24500000000000002,"_step":9,"test_confusion_matrix":{"_type":"histogram","values":[45,4,4,7,7,2,4,1,3,4,0,2,0,1,3,0,2,1,1,2,1,0,1,0,0,0,0,2,0,0,0,3],"bins":[0,2.125,4.25,6.375,8.5,10.625,12.75,14.875,17,19.125,21.25,23.375,25.5,27.625,29.75,31.875,34,36.125,38.25,40.375,42.5,44.625,46.75,48.875,51,53.125,55.25,57.375,59.5,61.625,63.75,65.875,68]},"test_precision":0.17954454200928507,"test_f1":0.19563088087045158,"validation_acc":0.17583333333333334}