{"val_f1":0.724080574074055,"val_confusion_matrix":{"_type":"histogram","values":[59,7,12,7,1,2,2,0,0,0,0,0,0,0,0,0,0,1,0,0,2,0,0,0,0,0,1,2,1,1,1,1],"bins":[0,3.34375,6.6875,10.03125,13.375,16.71875,20.0625,23.40625,26.75,30.09375,33.4375,36.78125,40.125,43.46875,46.8125,50.15625,53.5,56.84375,60.1875,63.53125,66.875,70.21875,73.5625,76.90625,80.25,83.59375,86.9375,90.28125,93.625,96.96875,100.3125,103.65625,107]},"_wandb":{"runtime":212},"train_acc":0.6606,"test_confusion_matrix":{"_type":"histogram","values":[62,12,5,3,2,2,2,1,0,0,0,0,1,0,0,0,0,0,0,1,2,0,1,0,0,0,1,3,0,0,1,1],"bins":[0,3.375,6.75,10.125,13.5,16.875,20.25,23.625,27,30.375,33.75,37.125,40.5,43.875,47.25,50.625,54,57.375,60.75,64.125,67.5,70.875,74.25,77.625,81,84.375,87.75,91.125,94.5,97.875,101.25,104.625,108]},"validation_acc":0.7241666666666666,"train_loss":1.0524817774661432,"test_recall":0.7166666666666666,"validation_loss":0.7923222710003999,"test_precision":0.7643621446601293,"val_precision":0.7485524028780447,"val_recall":0.7241666666666667,"_runtime":212.426449406,"run_id":"mq3p6y75","_timestamp":1.7323171898678367e+09,"epoch":9,"_step":9,"test_acc":0.7166666666666667,"test_f1":0.7234299317584958}