{"train_loss":0.8211816097520719,"test_precision":0.851091026246738,"test_acc":0.825,"_timestamp":1.732328867684007e+09,"val_precision":0.8114729093047771,"val_recall":0.7983333333333335,"test_f1":0.8292679436440714,"test_confusion_matrix":{"values":[73,4,8,2,1,1,1,0,0,0,0,0,0,0,0,0,0,0,0,0,0,0,0,2,1,0,1,2,1,1,1,1],"bins":[0,3.625,7.25,10.875,14.5,18.125,21.75,25.375,29,32.625,36.25,39.875,43.5,47.125,50.75,54.375,58,61.625,65.25,68.875,72.5,76.125,79.75,83.375,87,90.625,94.25,97.875,101.5,105.125,108.75,112.375,116],"_type":"histogram"},"validation_loss":0.5753083670720783,"epoch":9,"val_confusion_matrix":{"_type":"histogram","values":[66,13,8,1,1,0,0,0,0,0,0,0,1,0,0,0,0,0,1,0,0,1,0,1,0,0,0,2,1,0,3,1],"bins":[0,3.53125,7.0625,10.59375,14.125,17.65625,21.1875,24.71875,28.25,31.78125,35.3125,38.84375,42.375,45.90625,49.4375,52.96875,56.5,60.03125,63.5625,67.09375,70.625,74.15625,77.6875,81.21875,84.75,88.28125,91.8125,95.34375,98.875,102.40625,105.9375,109.46875,113]},"_runtime":189.896141428,"val_f1":0.7970938057964329,"validation_acc":0.7983333333333333,"_step":9,"test_recall":0.825,"run_id":"h403njcx","_wandb":{"runtime":189},"train_acc":0.7306}