{"epoch":9,"val_recall":0.6883333333333332,"train_acc":0.6664,"_timestamp":1.7323255105286608e+09,"test_precision":0.7828789867430859,"train_loss":1.019801329275605,"_runtime":186.312630999,"val_precision":0.737979856004692,"_step":9,"validation_acc":0.6883333333333334,"test_acc":0.7366666666666667,"run_id":"r4mtjres","validation_loss":0.9891420942366858,"val_f1":0.6810304680348997,"val_confusion_matrix":{"bins":[0,3.5,7,10.5,14,17.5,21,24.5,28,31.5,35,38.5,42,45.5,49,52.5,56,59.5,63,66.5,70,73.5,77,80.5,84,87.5,91,94.5,98,101.5,105,108.5,112],"_type":"histogram","values":[62,7,10,5,0,2,2,0,0,1,0,0,0,0,2,1,0,0,1,0,2,0,0,0,0,1,1,0,0,0,0,3]},"test_confusion_matrix":{"_type":"histogram","values":[68,7,4,1,4,4,0,0,0,1,1,0,0,0,0,0,0,0,0,0,1,1,0,4,0,0,1,0,0,0,1,2],"bins":[0,3.46875,6.9375,10.40625,13.875,17.34375,20.8125,24.28125,27.75,31.21875,34.6875,38.15625,41.625,45.09375,48.5625,52.03125,55.5,58.96875,62.4375,65.90625,69.375,72.84375,76.3125,79.78125,83.25,86.71875,90.1875,93.65625,97.125,100.59375,104.0625,107.53125,111]},"_wandb":{"runtime":186},"test_f1":0.7418914827734626,"test_recall":0.7366666666666667}