{"val_f1":0.2376902005592755,"val_confusion_matrix":{"bins":[0,2.34375,4.6875,7.03125,9.375,11.71875,14.0625,16.40625,18.75,21.09375,23.4375,25.78125,28.125,30.46875,32.8125,35.15625,37.5,39.84375,42.1875,44.53125,46.875,49.21875,51.5625,53.90625,56.25,58.59375,60.9375,63.28125,65.625,67.96875,70.3125,72.65625,75],"_type":"histogram","values":[34,2,9,7,6,11,5,3,10,0,2,2,1,0,1,1,0,0,1,1,0,1,0,0,0,1,0,0,0,1,0,1]},"test_confusion_matrix":{"bins":[0,3.1875,6.375,9.5625,12.75,15.9375,19.125,22.3125,25.5,28.6875,31.875,35.0625,38.25,41.4375,44.625,47.8125,51,54.1875,57.375,60.5625,63.75,66.9375,70.125,73.3125,76.5,79.6875,82.875,86.0625,89.25,92.4375,95.625,98.8125,102],"_type":"histogram","values":[43,2,14,8,6,2,7,4,2,3,3,1,0,0,1,0,0,0,1,2,0,0,0,0,0,0,0,0,0,0,0,1]},"_step":9,"train_acc":0.238,"_runtime":181.940608839,"validation_acc":0.25416666666666665,"val_recall":0.2541666666666667,"val_precision":0.26564838405547136,"train_loss":2.0858110307504574,"_wandb":{"runtime":181},"_timestamp":1.7323392486907504e+09,"run_id":"tcogmc04","validation_loss":1.9797574262893856,"test_acc":0.2658333333333333,"test_precision":0.28033267154023794,"epoch":9,"test_recall":0.2658333333333333,"test_f1":0.23748659145883325}