{"_wandb":{"runtime":194},"validation_acc":0.21,"test_f1":0.18238463119226908,"validation_loss":2.12681092441082,"test_precision":0.2346361213007946,"_step":9,"val_confusion_matrix":{"_type":"histogram","values":[47,7,1,4,7,3,1,2,1,6,1,2,2,3,0,1,2,2,1,1,0,1,2,0,0,0,0,0,0,1,0,2],"bins":[0,2.1875,4.375,6.5625,8.75,10.9375,13.125,15.3125,17.5,19.6875,21.875,24.0625,26.25,28.4375,30.625,32.8125,35,37.1875,39.375,41.5625,43.75,45.9375,48.125,50.3125,52.5,54.6875,56.875,59.0625,61.25,63.4375,65.625,67.8125,70]},"train_loss":2.135249133682251,"_runtime":194.658379587,"val_recall":0.20999999999999996,"test_confusion_matrix":{"values":[56,6,5,4,1,1,2,4,0,3,2,2,1,3,3,0,0,0,0,0,0,2,1,1,0,1,1,0,0,0,0,1],"bins":[0,2.75,5.5,8.25,11,13.75,16.5,19.25,22,24.75,27.5,30.25,33,35.75,38.5,41.25,44,46.75,49.5,52.25,55,57.75,60.5,63.25,66,68.75,71.5,74.25,77,79.75,82.5,85.25,88],"_type":"histogram"},"val_f1":0.1665812098802606,"test_acc":0.23333333333333334,"train_acc":0.2232,"test_recall":0.23333333333333334,"epoch":9,"run_id":"xeblgy9l","_timestamp":1.7323396492277555e+09,"val_precision":0.17326820809519}