{"validation_acc":0.1,"train_loss":2.304786500077659,"train_acc":0.0948,"_runtime":195.74039458,"val_precision":0.01,"_wandb":{"runtime":195},"test_recall":0.1,"test_f1":0.01827875095201828,"val_f1":0.01818181818181818,"test_confusion_matrix":{"values":[89,1,0,0,0,0,0,0,0,0,0,0,0,0,0,0,0,0,0,0,0,0,0,0,0,0,0,0,0,0,1,9],"bins":[0,3.75,7.5,11.25,15,18.75,22.5,26.25,30,33.75,37.5,41.25,45,48.75,52.5,56.25,60,63.75,67.5,71.25,75,78.75,82.5,86.25,90,93.75,97.5,101.25,105,108.75,112.5,116.25,120],"_type":"histogram"},"val_confusion_matrix":{"_type":"histogram","values":[90,0,0,0,0,0,0,0,0,0,0,0,0,0,0,0,0,0,0,0,0,0,0,0,0,0,0,0,0,0,0,10],"bins":[0,3.75,7.5,11.25,15,18.75,22.5,26.25,30,33.75,37.5,41.25,45,48.75,52.5,56.25,60,63.75,67.5,71.25,75,78.75,82.5,86.25,90,93.75,97.5,101.25,105,108.75,112.5,116.25,120]},"test_acc":0.1,"val_recall":0.1,"validation_loss":2.3038974322875343,"run_id":"9qrgfp4n","epoch":9,"test_precision":0.010058675607711651,"_timestamp":1.7323208319400213e+09,"_step":9}