{"_wandb":{"runtime":209},"test_acc":0.6991666666666667,"val_recall":0.6491666666666667,"validation_acc":0.6491666666666667,"val_precision":0.6972699764828899,"val_confusion_matrix":{"values":[57,5,4,14,5,1,1,0,2,1,0,0,0,0,1,0,0,0,1,1,1,0,0,0,3,0,0,0,1,1,0,1],"bins":[0,3.28125,6.5625,9.84375,13.125,16.40625,19.6875,22.96875,26.25,29.53125,32.8125,36.09375,39.375,42.65625,45.9375,49.21875,52.5,55.78125,59.0625,62.34375,65.625,68.90625,72.1875,75.46875,78.75,82.03125,85.3125,88.59375,91.875,95.15625,98.4375,101.71875,105],"_type":"histogram"},"_runtime":209.376782615,"_step":9,"validation_loss":0.9290472220239826,"test_confusion_matrix":{"_type":"histogram","values":[57,10,2,12,1,2,2,2,1,0,1,0,0,0,0,0,0,0,0,0,0,0,0,1,0,1,2,0,3,0,2,1],"bins":[0,3,6,9,12,15,18,21,24,27,30,33,36,39,42,45,48,51,54,57,60,63,66,69,72,75,78,81,84,87,90,93,96]},"train_acc":0.5434,"val_f1":0.6484382158370806,"_timestamp":1.7323133809980054e+09,"test_f1":0.7023208240691321,"train_loss":1.3497471116542816,"epoch":9,"test_precision":0.7231850646725986,"test_recall":0.6991666666666666,"run_id":"b16drnuw"}