{"validation_acc":0.785,"_wandb":{"runtime":193},"val_confusion_matrix":{"bins":[0,3.59375,7.1875,10.78125,14.375,17.96875,21.5625,25.15625,28.75,32.34375,35.9375,39.53125,43.125,46.71875,50.3125,53.90625,57.5,61.09375,64.6875,68.28125,71.875,75.46875,79.0625,82.65625,86.25,89.84375,93.4375,97.03125,100.625,104.21875,107.8125,111.40625,115],"_type":"histogram","values":[68,8,7,2,1,2,2,0,0,0,0,0,0,1,0,0,0,0,1,0,0,0,0,0,1,1,0,1,0,2,1,2]},"epoch":9,"test_acc":0.8025,"test_recall":0.8025,"test_f1":0.8034801813797381,"train_acc":0.6356,"_timestamp":1.7323417331609561e+09,"_runtime":193.714451103,"_step":9,"test_precision":0.813581939471597,"validation_loss":0.6988438427477434,"val_recall":0.7849999999999999,"val_f1":0.7804490340396388,"val_precision":0.8040630752196506,"test_confusion_matrix":{"_type":"histogram","values":[72,2,10,1,1,4,0,0,0,0,0,0,0,0,0,0,0,0,0,0,0,0,0,1,1,0,2,1,2,1,1,1],"bins":[0,3.46875,6.9375,10.40625,13.875,17.34375,20.8125,24.28125,27.75,31.21875,34.6875,38.15625,41.625,45.09375,48.5625,52.03125,55.5,58.96875,62.4375,65.90625,69.375,72.84375,76.3125,79.78125,83.25,86.71875,90.1875,93.65625,97.125,100.59375,104.0625,107.53125,111]},"run_id":"cuh9ajcm","train_loss":1.1174003365516663}