{"_timestamp":1.732318386964268e+09,"val_recall":0.7758333333333334,"train_loss":0.8094025463055653,"test_precision":0.8333200419755414,"validation_loss":0.7148058955362163,"val_precision":0.7921189593997733,"train_acc":0.7372,"val_f1":0.7750989489275075,"epoch":9,"run_id":"eat0zn4s","_wandb":{"runtime":194},"test_confusion_matrix":{"_type":"histogram","values":[67,9,7,3,2,1,1,0,0,0,0,0,0,0,0,0,0,1,0,0,0,0,0,0,0,0,0,2,1,2,2,2],"bins":[0,3.4375,6.875,10.3125,13.75,17.1875,20.625,24.0625,27.5,30.9375,34.375,37.8125,41.25,44.6875,48.125,51.5625,55,58.4375,61.875,65.3125,68.75,72.1875,75.625,79.0625,82.5,85.9375,89.375,92.8125,96.25,99.6875,103.125,106.5625,110]},"val_confusion_matrix":{"bins":[0,3.59375,7.1875,10.78125,14.375,17.96875,21.5625,25.15625,28.75,32.34375,35.9375,39.53125,43.125,46.71875,50.3125,53.90625,57.5,61.09375,64.6875,68.28125,71.875,75.46875,79.0625,82.65625,86.25,89.84375,93.4375,97.03125,100.625,104.21875,107.8125,111.40625,115],"_type":"histogram","values":[67,8,5,6,0,2,0,1,1,0,0,0,0,0,0,0,0,0,1,0,0,2,0,1,0,1,1,1,0,0,2,1]},"_step":9,"test_f1":0.8124166759659971,"test_acc":0.8133333333333334,"_runtime":194.054849478,"validation_acc":0.7758333333333334,"test_recall":0.8133333333333332}