{"test_acc":0.44416666666666665,"_runtime":197.149106932,"test_confusion_matrix":{"values":[49,9,2,9,4,2,1,6,1,2,1,3,0,0,1,1,0,1,1,1,0,1,1,0,0,1,0,0,1,0,1,1],"bins":[0,2.65625,5.3125,7.96875,10.625,13.28125,15.9375,18.59375,21.25,23.90625,26.5625,29.21875,31.875,34.53125,37.1875,39.84375,42.5,45.15625,47.8125,50.46875,53.125,55.78125,58.4375,61.09375,63.75,66.40625,69.0625,71.71875,74.375,77.03125,79.6875,82.34375,85],"_type":"histogram"},"val_f1":0.42145564109495587,"val_recall":0.4133333333333334,"validation_acc":0.41333333333333333,"_wandb":{"runtime":197},"run_id":"kw5al4p7","val_precision":0.49079934516233265,"epoch":9,"test_f1":0.4417372879971935,"train_acc":0.3544,"val_confusion_matrix":{"values":[45,7,6,8,7,4,5,0,2,1,4,0,0,1,0,1,1,0,2,1,1,1,0,1,1,0,0,0,0,0,0,1],"bins":[0,2.75,5.5,8.25,11,13.75,16.5,19.25,22,24.75,27.5,30.25,33,35.75,38.5,41.25,44,46.75,49.5,52.25,55,57.75,60.5,63.25,66,68.75,71.5,74.25,77,79.75,82.5,85.25,88],"_type":"histogram"},"test_precision":0.515821732381663,"train_loss":1.8027079787117224,"test_recall":0.44416666666666665,"_step":9,"_timestamp":1.7323098638329759e+09,"validation_loss":1.7293492673058062}