{"test_recall":0.5441666666666667,"val_precision":0.501880639299604,"run_id":"egp7r6yq","_wandb":{"runtime":313},"test_precision":0.5512000984852041,"val_f1":0.4458416361633023,"val_recall":0.4758333333333334,"test_confusion_matrix":{"_type":"histogram","values":[48,13,5,8,1,1,5,3,3,1,1,2,0,0,1,0,0,0,0,0,0,0,0,0,2,1,0,0,3,1,0,1],"bins":[0,2.78125,5.5625,8.34375,11.125,13.90625,16.6875,19.46875,22.25,25.03125,27.8125,30.59375,33.375,36.15625,38.9375,41.71875,44.5,47.28125,50.0625,52.84375,55.625,58.40625,61.1875,63.96875,66.75,69.53125,72.3125,75.09375,77.875,80.65625,83.4375,86.21875,89]},"_step":9,"_timestamp":1.7323712395550923e+09,"test_acc":0.5441666666666667,"test_f1":0.5277536059714728,"train_acc":0.54,"train_loss":1.3722164579473746,"_runtime":311.913967093,"validation_acc":0.47583333333333333,"val_confusion_matrix":{"values":[48,10,0,9,7,2,9,1,3,0,0,0,1,1,1,0,1,1,2,0,0,0,0,0,0,0,1,0,1,0,0,2],"bins":[0,2.90625,5.8125,8.71875,11.625,14.53125,17.4375,20.34375,23.25,26.15625,29.0625,31.96875,34.875,37.78125,40.6875,43.59375,46.5,49.40625,52.3125,55.21875,58.125,61.03125,63.9375,66.84375,69.75,72.65625,75.5625,78.46875,81.375,84.28125,87.1875,90.09375,93],"_type":"histogram"},"validation_loss":1.9671524498536503,"epoch":9}