{"test_confusion_matrix":{"values":[65,5,10,5,2,2,1,0,0,0,0,0,0,0,0,0,0,0,1,1,0,0,0,1,3,1,0,1,0,0,1,1],"bins":[0,3.59375,7.1875,10.78125,14.375,17.96875,21.5625,25.15625,28.75,32.34375,35.9375,39.53125,43.125,46.71875,50.3125,53.90625,57.5,61.09375,64.6875,68.28125,71.875,75.46875,79.0625,82.65625,86.25,89.84375,93.4375,97.03125,100.625,104.21875,107.8125,111.40625,115],"_type":"histogram"},"_step":9,"_wandb":{"runtime":183},"val_confusion_matrix":{"bins":[0,3.40625,6.8125,10.21875,13.625,17.03125,20.4375,23.84375,27.25,30.65625,34.0625,37.46875,40.875,44.28125,47.6875,51.09375,54.5,57.90625,61.3125,64.71875,68.125,71.53125,74.9375,78.34375,81.75,85.15625,88.5625,91.96875,95.375,98.78125,102.1875,105.59375,109],"_type":"histogram","values":[60,4,14,4,2,5,0,0,0,0,1,0,0,0,0,0,1,0,0,1,0,0,1,3,1,0,1,0,0,1,0,1]},"train_acc":0.6808,"test_f1":0.7508301237510369,"train_loss":0.9791167672676376,"test_recall":0.7516666666666667,"test_acc":0.7516666666666667,"validation_loss":0.884345804939312,"validation_acc":0.6833333333333333,"run_id":"93ybhchy","val_f1":0.6821889443643838,"val_recall":0.6833333333333333,"_runtime":183.834545046,"epoch":9,"val_precision":0.6967404925310918,"_timestamp":1.7323312239417052e+09,"test_precision":0.767967347475498}