{"validation_loss":0.9091143284725574,"train_acc":0.7282,"epoch":9,"_runtime":187.83993369,"test_f1":0.7405006072993636,"val_recall":0.7325,"val_precision":0.7641974575030612,"_wandb":{"runtime":187},"test_precision":0.7542717202420129,"run_id":"ik6p5o2b","train_loss":0.8477172134797785,"val_f1":0.7349129167562294,"test_recall":0.7433333333333333,"val_confusion_matrix":{"bins":[0,3.59375,7.1875,10.78125,14.375,17.96875,21.5625,25.15625,28.75,32.34375,35.9375,39.53125,43.125,46.71875,50.3125,53.90625,57.5,61.09375,64.6875,68.28125,71.875,75.46875,79.0625,82.65625,86.25,89.84375,93.4375,97.03125,100.625,104.21875,107.8125,111.40625,115],"_type":"histogram","values":[63,7,10,5,2,2,1,0,0,0,0,0,0,0,0,0,0,0,1,0,2,0,0,1,1,2,1,1,0,0,0,1]},"_step":9,"test_acc":0.7433333333333333,"test_confusion_matrix":{"bins":[0,3.65625,7.3125,10.96875,14.625,18.28125,21.9375,25.59375,29.25,32.90625,36.5625,40.21875,43.875,47.53125,51.1875,54.84375,58.5,62.15625,65.8125,69.46875,73.125,76.78125,80.4375,84.09375,87.75,91.40625,95.0625,98.71875,102.375,106.03125,109.6875,113.34375,117],"_type":"histogram","values":[65,4,11,4,3,3,0,0,0,0,0,0,0,0,0,1,0,0,0,0,1,1,0,1,1,2,0,1,1,0,0,1]},"validation_acc":0.7325,"_timestamp":1.73231465202049e+09}