{"_wandb":{"runtime":179},"test_acc":0.1875,"val_recall":0.14833333333333334,"_timestamp":1.7323231904089897e+09,"train_loss":2.2668096366201995,"test_recall":0.1875,"epoch":9,"train_acc":0.1334,"_step":9,"validation_loss":2.214725798815489,"test_confusion_matrix":{"values":[57,4,7,6,2,3,4,2,1,1,3,0,0,0,1,1,0,1,0,1,0,1,1,0,0,2,0,0,0,1,0,1],"bins":[0,3.125,6.25,9.375,12.5,15.625,18.75,21.875,25,28.125,31.25,34.375,37.5,40.625,43.75,46.875,50,53.125,56.25,59.375,62.5,65.625,68.75,71.875,75,78.125,81.25,84.375,87.5,90.625,93.75,96.875,100],"_type":"histogram"},"run_id":"xskirpox","val_precision":0.06023331655142365,"val_confusion_matrix":{"bins":[0,2.625,5.25,7.875,10.5,13.125,15.75,18.375,21,23.625,26.25,28.875,31.5,34.125,36.75,39.375,42,44.625,47.25,49.875,52.5,55.125,57.75,60.375,63,65.625,68.25,70.875,73.5,76.125,78.75,81.375,84],"_type":"histogram","values":[55,5,1,4,4,3,2,2,2,0,4,5,2,0,0,1,2,2,2,1,0,0,0,0,1,0,1,0,0,0,0,1]},"test_f1":0.10477566198373056,"validation_acc":0.14833333333333334,"_runtime":179.063016664,"val_f1":0.08078809443844967,"test_precision":0.08755594620611173}