{"epoch":9,"val_recall":0.7183333333333334,"test_recall":0.75,"run_id":"go4eb1m7","test_confusion_matrix":{"bins":[0,3.4375,6.875,10.3125,13.75,17.1875,20.625,24.0625,27.5,30.9375,34.375,37.8125,41.25,44.6875,48.125,51.5625,55,58.4375,61.875,65.3125,68.75,72.1875,75.625,79.0625,82.5,85.9375,89.375,92.8125,96.25,99.6875,103.125,106.5625,110],"_type":"histogram","values":[66,5,9,2,5,1,2,0,0,0,0,0,0,0,0,0,0,0,0,1,0,0,0,1,0,4,0,0,2,1,0,1]},"_step":9,"test_precision":0.7974667996170739,"test_f1":0.7571855933757956,"validation_acc":0.7183333333333334,"_runtime":177.757526809,"val_confusion_matrix":{"values":[61,8,3,10,1,2,3,2,0,0,0,0,0,0,0,0,0,1,0,0,0,0,0,0,1,0,1,1,1,1,2,2],"bins":[0,3.09375,6.1875,9.28125,12.375,15.46875,18.5625,21.65625,24.75,27.84375,30.9375,34.03125,37.125,40.21875,43.3125,46.40625,49.5,52.59375,55.6875,58.78125,61.875,64.96875,68.0625,71.15625,74.25,77.34375,80.4375,83.53125,86.625,89.71875,92.8125,95.90625,99],"_type":"histogram"},"val_f1":0.7236576584558461,"val_precision":0.7582544381195959,"train_acc":0.6592,"train_loss":1.0259338904030715,"validation_loss":0.9260142195295824,"test_acc":0.75,"_wandb":{"runtime":177},"_timestamp":1.7323268670729072e+09}