{"test_recall":0.89,"validation_acc":0.9033333333333333,"validation_loss":0.42078765240484745,"_timestamp":1.7323689798411667e+09,"test_f1":0.8915114903094257,"train_acc":0.931,"epoch":9,"val_precision":0.9097410908311059,"_step":9,"_runtime":298.652360007,"run_id":"otbgunlr","val_confusion_matrix":{"values":[79,4,5,1,0,1,0,0,0,0,0,0,0,0,0,0,0,0,0,0,0,0,0,0,1,1,0,1,1,2,2,2],"bins":[0,3.75,7.5,11.25,15,18.75,22.5,26.25,30,33.75,37.5,41.25,45,48.75,52.5,56.25,60,63.75,67.5,71.25,75,78.75,82.5,86.25,90,93.75,97.5,101.25,105,108.75,112.5,116.25,120],"_type":"histogram"},"test_confusion_matrix":{"values":[80,2,4,1,1,2,0,0,0,0,0,0,0,0,0,0,0,0,0,0,0,0,1,1,0,1,0,0,2,1,0,4],"bins":[0,3.75,7.5,11.25,15,18.75,22.5,26.25,30,33.75,37.5,41.25,45,48.75,52.5,56.25,60,63.75,67.5,71.25,75,78.75,82.5,86.25,90,93.75,97.5,101.25,105,108.75,112.5,116.25,120],"_type":"histogram"},"val_f1":0.9036479489716829,"_wandb":{"runtime":299},"val_recall":0.9033333333333333,"test_acc":0.89,"train_loss":0.20299772682446468,"test_precision":0.8981746243507839}