{"validation_acc":0.23,"test_acc":0.24666666666666667,"_runtime":172.71374183,"validation_loss":2.091535182111741,"test_confusion_matrix":{"bins":[0,2.71875,5.4375,8.15625,10.875,13.59375,16.3125,19.03125,21.75,24.46875,27.1875,29.90625,32.625,35.34375,38.0625,40.78125,43.5,46.21875,48.9375,51.65625,54.375,57.09375,59.8125,62.53125,65.25,67.96875,70.6875,73.40625,76.125,78.84375,81.5625,84.28125,87],"_type":"histogram","values":[50,6,7,10,1,3,1,6,2,1,1,2,0,0,0,1,0,0,2,0,0,1,0,0,0,1,1,0,1,2,0,1]},"_step":9,"train_loss":2.204345637066349,"val_recall":0.22999999999999998,"val_confusion_matrix":{"_type":"histogram","values":[51,8,3,10,4,3,2,2,0,1,2,2,2,2,0,1,1,0,2,0,0,0,0,0,0,0,1,0,2,0,0,1],"bins":[0,3,6,9,12,15,18,21,24,27,30,33,36,39,42,45,48,51,54,57,60,63,66,69,72,75,78,81,84,87,90,93,96]},"_wandb":{"runtime":172},"train_acc":0.1736,"test_f1":0.20562467234659737,"run_id":"sp693iue","test_recall":0.24666666666666667,"test_precision":0.2794943059318428,"val_precision":0.1830973152898554,"epoch":9,"val_f1":0.17636257873342517,"_timestamp":1.7323411428835719e+09}