{"val_f1":0.3167995280904,"run_id":"2vk4ybjr","train_loss":1.862763612892977,"test_precision":0.40988274917654033,"_runtime":191.204988127,"test_confusion_matrix":{"values":[42,7,4,4,10,4,4,4,4,1,1,2,3,1,0,1,4,0,0,0,1,0,0,0,0,0,0,0,0,0,1,2],"bins":[0,2.5,5,7.5,10,12.5,15,17.5,20,22.5,25,27.5,30,32.5,35,37.5,40,42.5,45,47.5,50,52.5,55,57.5,60,62.5,65,67.5,70,72.5,75,77.5,80],"_type":"histogram"},"test_f1":0.3682384763232883,"val_precision":0.3510840293385492,"test_acc":0.3883333333333333,"test_recall":0.3883333333333333,"_timestamp":1.732319612757839e+09,"validation_acc":0.3308333333333333,"val_recall":0.3308333333333333,"val_confusion_matrix":{"values":[38,7,4,6,9,2,3,2,5,4,2,1,3,1,1,0,5,0,0,0,0,2,0,2,2,0,0,0,0,0,0,1],"bins":[0,2.125,4.25,6.375,8.5,10.625,12.75,14.875,17,19.125,21.25,23.375,25.5,27.625,29.75,31.875,34,36.125,38.25,40.375,42.5,44.625,46.75,48.875,51,53.125,55.25,57.375,59.5,61.625,63.75,65.875,68],"_type":"histogram"},"epoch":9,"_wandb":{"runtime":191},"train_acc":0.3256,"validation_loss":1.9041644408460707,"_step":9}