{"test_f1":0.1314075156225784,"test_acc":0.17833333333333334,"val_precision":0.1609398092096701,"val_confusion_matrix":{"bins":[0,2.71875,5.4375,8.15625,10.875,13.59375,16.3125,19.03125,21.75,24.46875,27.1875,29.90625,32.625,35.34375,38.0625,40.78125,43.5,46.21875,48.9375,51.65625,54.375,57.09375,59.8125,62.53125,65.25,67.96875,70.6875,73.40625,76.125,78.84375,81.5625,84.28125,87],"_type":"histogram","values":[45,9,6,8,1,4,3,2,2,2,1,8,1,1,0,1,0,0,2,0,1,1,0,0,0,1,0,0,0,0,0,1]},"epoch":9,"test_confusion_matrix":{"values":[49,8,5,5,4,3,1,5,3,1,1,1,1,0,6,0,1,0,2,0,1,0,0,0,0,0,0,0,1,0,0,2],"bins":[0,2.6875,5.375,8.0625,10.75,13.4375,16.125,18.8125,21.5,24.1875,26.875,29.5625,32.25,34.9375,37.625,40.3125,43,45.6875,48.375,51.0625,53.75,56.4375,59.125,61.8125,64.5,67.1875,69.875,72.5625,75.25,77.9375,80.625,83.3125,86],"_type":"histogram"},"_step":9,"_runtime":185.097454115,"validation_loss":2.1726750805974007,"val_recall":0.19416666666666665,"test_precision":0.1414381102037673,"validation_acc":0.19416666666666665,"test_recall":0.17833333333333334,"train_acc":0.1734,"val_f1":0.1451790401278034,"_wandb":{"runtime":185},"_timestamp":1.732312317881153e+09,"run_id":"oou2zqlr","train_loss":2.218474394158472}