{"_wandb":{"runtime":192},"validation_loss":2.1553131441275277,"_timestamp":1.7323218499595513e+09,"test_acc":0.285,"_step":9,"test_confusion_matrix":{"_type":"histogram","values":[45,6,1,6,10,6,2,0,3,3,3,1,1,2,0,0,2,0,0,2,2,2,1,0,0,0,0,0,1,0,0,1],"bins":[0,2.375,4.75,7.125,9.5,11.875,14.25,16.625,19,21.375,23.75,26.125,28.5,30.875,33.25,35.625,38,40.375,42.75,45.125,47.5,49.875,52.25,54.625,57,59.375,61.75,64.125,66.5,68.875,71.25,73.625,76]},"test_precision":0.29356004558729293,"val_f1":0.17976990069305346,"val_recall":0.20249999999999999,"val_precision":0.18157877318423693,"validation_acc":0.2025,"train_acc":0.189,"_runtime":192.877555091,"train_loss":2.157789537700982,"run_id":"skqnf27l","val_confusion_matrix":{"_type":"histogram","values":[37,4,5,7,7,4,3,2,3,5,3,2,2,5,2,1,1,1,0,0,3,1,0,0,0,0,0,0,0,1,0,1],"bins":[0,2.03125,4.0625,6.09375,8.125,10.15625,12.1875,14.21875,16.25,18.28125,20.3125,22.34375,24.375,26.40625,28.4375,30.46875,32.5,34.53125,36.5625,38.59375,40.625,42.65625,44.6875,46.71875,48.75,50.78125,52.8125,54.84375,56.875,58.90625,60.9375,62.96875,65]},"test_f1":0.2578090435282395,"epoch":9,"test_recall":0.28500000000000003}