{"val_precision":0.23465614865999251,"_wandb":{"runtime":193},"_timestamp":1.7323165512601583e+09,"validation_acc":0.24666666666666667,"_runtime":193.267650938,"val_confusion_matrix":{"_type":"histogram","values":[38,7,4,5,8,4,5,2,6,2,4,2,7,0,1,2,1,0,0,0,0,0,0,0,0,0,0,0,1,0,0,1],"bins":[0,2.5,5,7.5,10,12.5,15,17.5,20,22.5,25,27.5,30,32.5,35,37.5,40,42.5,45,47.5,50,52.5,55,57.5,60,62.5,65,67.5,70,72.5,75,77.5,80]},"_step":9,"train_acc":0.2536,"epoch":9,"train_loss":2.063780225765933,"run_id":"r0pcksrt","val_f1":0.21702323235639653,"val_recall":0.24666666666666667,"test_confusion_matrix":{"_type":"histogram","values":[44,2,6,4,12,2,0,8,3,1,1,1,3,1,0,1,2,2,0,1,0,1,1,1,0,0,1,0,1,0,0,1],"bins":[0,2.28125,4.5625,6.84375,9.125,11.40625,13.6875,15.96875,18.25,20.53125,22.8125,25.09375,27.375,29.65625,31.9375,34.21875,36.5,38.78125,41.0625,43.34375,45.625,47.90625,50.1875,52.46875,54.75,57.03125,59.3125,61.59375,63.875,66.15625,68.4375,70.71875,73]},"test_f1":0.2825629233399801,"test_acc":0.3125,"validation_loss":2.0500689279163877,"test_precision":0.3744220464266367,"test_recall":0.3125}