{"_wandb":{"runtime":186},"test_acc":0.275,"epoch":9,"validation_loss":2.171259553934991,"val_recall":0.2741666666666667,"test_recall":0.275,"val_confusion_matrix":{"values":[34,3,14,4,4,7,4,1,7,6,2,5,0,1,3,0,0,3,0,0,0,1,0,0,0,0,0,0,0,0,0,1],"bins":[0,2.34375,4.6875,7.03125,9.375,11.71875,14.0625,16.40625,18.75,21.09375,23.4375,25.78125,28.125,30.46875,32.8125,35.15625,37.5,39.84375,42.1875,44.53125,46.875,49.21875,51.5625,53.90625,56.25,58.59375,60.9375,63.28125,65.625,67.96875,70.3125,72.65625,75],"_type":"histogram"},"val_precision":0.35884633237901314,"train_loss":1.9793988073928446,"_step":9,"validation_acc":0.27416666666666667,"test_f1":0.27668719256280894,"_runtime":186.601963105,"_timestamp":1.732312128263162e+09,"run_id":"c8tqdlie","test_confusion_matrix":{"_type":"histogram","values":[33,8,5,4,3,1,8,2,2,3,6,1,2,2,1,1,3,1,3,1,1,0,1,0,3,1,1,0,1,0,0,2],"bins":[0,1.65625,3.3125,4.96875,6.625,8.28125,9.9375,11.59375,13.25,14.90625,16.5625,18.21875,19.875,21.53125,23.1875,24.84375,26.5,28.15625,29.8125,31.46875,33.125,34.78125,36.4375,38.09375,39.75,41.40625,43.0625,44.71875,46.375,48.03125,49.6875,51.34375,53]},"test_precision":0.38581939421804357,"train_acc":0.281,"val_f1":0.2757566953897347}