{"val_f1":0.1413432046110096,"_wandb":{"runtime":173},"epoch":9,"train_loss":2.1044298774877173,"val_recall":0.2066666666666667,"_runtime":173.675519886,"val_precision":0.13440369662059842,"_step":9,"test_recall":0.23666666666666666,"validation_loss":2.2360261544243745,"train_acc":0.2242,"test_precision":0.17448969080617524,"_timestamp":1.7323381170767229e+09,"val_confusion_matrix":{"bins":[0,2.5,5,7.5,10,12.5,15,17.5,20,22.5,25,27.5,30,32.5,35,37.5,40,42.5,45,47.5,50,52.5,55,57.5,60,62.5,65,67.5,70,72.5,75,77.5,80],"_type":"histogram","values":[44,6,4,4,10,4,2,2,4,1,3,3,4,0,0,1,2,0,0,0,1,0,2,0,1,0,0,0,1,0,0,1]},"validation_acc":0.20666666666666667,"run_id":"3l1j27n4","test_confusion_matrix":{"bins":[0,3.125,6.25,9.375,12.5,15.625,18.75,21.875,25,28.125,31.25,34.375,37.5,40.625,43.75,46.875,50,53.125,56.25,59.375,62.5,65.625,68.75,71.875,75,78.125,81.25,84.375,87.5,90.625,93.75,96.875,100],"_type":"histogram","values":[46,5,6,12,0,5,8,3,2,3,1,0,3,0,0,0,1,1,2,1,0,0,0,0,0,0,0,0,0,0,0,1]},"test_acc":0.23666666666666666,"test_f1":0.1751926483682254}