{"test_recall":0.7216666666666666,"_timestamp":1.7323290578323886e+09,"test_acc":0.7216666666666667,"val_recall":0.7066666666666668,"validation_acc":0.7066666666666667,"test_precision":0.744449497924918,"val_f1":0.7060052668150008,"_wandb":{"runtime":183},"validation_loss":1.0363273607683854,"test_f1":0.7215715584078897,"run_id":"typornvh","val_precision":0.7281946520719592,"train_loss":1.0627641017269935,"epoch":9,"_runtime":183.075718677,"_step":9,"val_confusion_matrix":{"_type":"histogram","values":[60,7,6,8,2,2,4,0,1,0,0,0,0,0,1,0,0,0,0,1,0,0,0,0,1,0,2,0,2,0,1,2],"bins":[0,3.25,6.5,9.75,13,16.25,19.5,22.75,26,29.25,32.5,35.75,39,42.25,45.5,48.75,52,55.25,58.5,61.75,65,68.25,71.5,74.75,78,81.25,84.5,87.75,91,94.25,97.5,100.75,104]},"test_confusion_matrix":{"_type":"histogram","values":[62,2,8,12,1,5,0,0,0,0,0,0,0,0,0,0,1,0,0,0,0,0,1,0,1,1,1,2,0,0,2,1],"bins":[0,3.3125,6.625,9.9375,13.25,16.5625,19.875,23.1875,26.5,29.8125,33.125,36.4375,39.75,43.0625,46.375,49.6875,53,56.3125,59.625,62.9375,66.25,69.5625,72.875,76.1875,79.5,82.8125,86.125,89.4375,92.75,96.0625,99.375,102.6875,106]},"train_acc":0.6452}