{"test_f1":0.8157907270506447,"train_loss":0.8996898661882352,"validation_loss":0.5469317044301999,"_wandb":{"runtime":180},"_timestamp":1.7323333654885118e+09,"validation_acc":0.8166666666666667,"train_acc":0.7054,"val_precision":0.8321790935856548,"run_id":"b0rjnyzq","test_confusion_matrix":{"_type":"histogram","values":[73,3,7,3,0,4,0,0,0,0,0,0,0,0,0,0,0,0,0,1,0,0,0,0,1,0,1,1,4,0,1,1],"bins":[0,3.5625,7.125,10.6875,14.25,17.8125,21.375,24.9375,28.5,32.0625,35.625,39.1875,42.75,46.3125,49.875,53.4375,57,60.5625,64.125,67.6875,71.25,74.8125,78.375,81.9375,85.5,89.0625,92.625,96.1875,99.75,103.3125,106.875,110.4375,114]},"epoch":9,"val_f1":0.8199954045005707,"val_confusion_matrix":{"bins":[0,3.5625,7.125,10.6875,14.25,17.8125,21.375,24.9375,28.5,32.0625,35.625,39.1875,42.75,46.3125,49.875,53.4375,57,60.5625,64.125,67.6875,71.25,74.8125,78.375,81.9375,85.5,89.0625,92.625,96.1875,99.75,103.3125,106.875,110.4375,114],"_type":"histogram","values":[70,8,6,2,1,3,0,0,0,0,0,0,0,0,0,0,0,0,0,0,0,0,1,0,0,2,1,1,3,0,0,2]},"_step":9,"test_precision":0.8319735582987494,"test_recall":0.8133333333333332,"test_acc":0.8133333333333334,"_runtime":180.744985451,"val_recall":0.8166666666666667}