{"test_precision":0.6029181648062979,"validation_acc":0.5225,"test_f1":0.5505157481406019,"val_precision":0.5843182154306519,"val_recall":0.5225000000000001,"train_acc":0.4914,"_step":9,"test_recall":0.5658333333333334,"val_confusion_matrix":{"values":[52,9,8,3,4,9,1,2,1,0,1,1,0,1,0,0,2,1,0,0,1,1,0,1,1,0,0,0,0,0,0,1],"bins":[0,3.375,6.75,10.125,13.5,16.875,20.25,23.625,27,30.375,33.75,37.125,40.5,43.875,47.25,50.625,54,57.375,60.75,64.125,67.5,70.875,74.25,77.625,81,84.375,87.75,91.125,94.5,97.875,101.25,104.625,108],"_type":"histogram"},"_wandb":{"runtime":300},"_runtime":299.205363065,"epoch":9,"test_confusion_matrix":{"values":[57,3,5,8,7,1,4,1,1,1,2,1,0,0,0,0,3,0,0,1,0,0,0,0,1,0,1,1,0,0,0,2],"bins":[0,3.125,6.25,9.375,12.5,15.625,18.75,21.875,25,28.125,31.25,34.375,37.5,40.625,43.75,46.875,50,53.125,56.25,59.375,62.5,65.625,68.75,71.875,75,78.125,81.25,84.375,87.5,90.625,93.75,96.875,100],"_type":"histogram"},"validation_loss":1.3484925408753468,"_timestamp":1.7323727783859344e+09,"train_loss":1.5115949781077682,"test_acc":0.5658333333333333,"val_f1":0.5094690668002104,"run_id":"fcwx53t8"}