{"epoch":9,"train_loss":1.3541668432589156,"validation_loss":1.9844636576077512,"val_precision":0.5066177995690854,"test_f1":0.4757407762811015,"run_id":"iaq78dam","_wandb":{"runtime":310},"test_precision":0.5698106235804866,"_timestamp":1.7323734028972862e+09,"test_confusion_matrix":{"bins":[0,3.46875,6.9375,10.40625,13.875,17.34375,20.8125,24.28125,27.75,31.21875,34.6875,38.15625,41.625,45.09375,48.5625,52.03125,55.5,58.96875,62.4375,65.90625,69.375,72.84375,76.3125,79.78125,83.25,86.71875,90.1875,93.65625,97.125,100.59375,104.0625,107.53125,111],"_type":"histogram","values":[53,5,12,3,4,4,2,2,1,1,3,1,2,0,2,1,0,2,0,0,0,0,0,0,0,0,0,0,1,0,0,1]},"val_confusion_matrix":{"_type":"histogram","values":[49,5,4,3,11,2,3,1,4,2,1,1,3,2,1,0,0,1,0,0,0,1,0,0,1,0,1,0,0,0,2,2],"bins":[0,2.46875,4.9375,7.40625,9.875,12.34375,14.8125,17.28125,19.75,22.21875,24.6875,27.15625,29.625,32.09375,34.5625,37.03125,39.5,41.96875,44.4375,46.90625,49.375,51.84375,54.3125,56.78125,59.25,61.71875,64.1875,66.65625,69.125,71.59375,74.0625,76.53125,79]},"train_acc":0.5342,"_step":9,"_runtime":309.568710779,"test_acc":0.48083333333333333,"test_recall":0.4808333333333333,"val_f1":0.40270084345655854,"val_recall":0.425,"validation_acc":0.425}