{"val_recall":0.33166666666666667,"train_acc":0.3382,"_step":9,"validation_acc":0.33166666666666667,"test_acc":0.38333333333333336,"val_f1":0.3080948436256188,"test_confusion_matrix":{"_type":"histogram","values":[45,3,8,13,4,5,5,2,3,2,2,0,2,0,0,1,0,1,0,0,1,0,1,1,0,0,0,0,0,0,0,1],"bins":[0,3.09375,6.1875,9.28125,12.375,15.46875,18.5625,21.65625,24.75,27.84375,30.9375,34.03125,37.125,40.21875,43.3125,46.40625,49.5,52.59375,55.6875,58.78125,61.875,64.96875,68.0625,71.15625,74.25,77.34375,80.4375,83.53125,86.625,89.71875,92.8125,95.90625,99]},"_wandb":{"runtime":194},"val_precision":0.39612079919883264,"epoch":9,"val_confusion_matrix":{"_type":"histogram","values":[45,7,9,5,5,5,8,3,3,2,3,1,1,0,0,1,0,0,0,0,0,0,1,0,0,0,0,0,0,0,0,1],"bins":[0,3.4375,6.875,10.3125,13.75,17.1875,20.625,24.0625,27.5,30.9375,34.375,37.8125,41.25,44.6875,48.125,51.5625,55,58.4375,61.875,65.3125,68.75,72.1875,75.625,79.0625,82.5,85.9375,89.375,92.8125,96.25,99.6875,103.125,106.5625,110]},"validation_loss":2.1030781539261807,"test_precision":0.46969430841427295,"run_id":"yc9w75um","_timestamp":1.7323090080142286e+09,"test_recall":0.3833333333333333,"_runtime":194.130311393,"test_f1":0.3659627450147198,"train_loss":1.828470450298042}