{"run_id":"vrpkf6ig","epoch":9,"train_loss":2.305936306048506,"test_f1":0.01818181818181818,"test_recall":0.1,"train_acc":0.0904,"_wandb":{"runtime":202},"validation_loss":2.3036075115203856,"_step":9,"validation_acc":0.1,"test_acc":0.1,"_timestamp":1.7323085865438278e+09,"val_precision":0.01,"test_confusion_matrix":{"_type":"histogram","values":[90,0,0,0,0,0,0,0,0,0,0,0,0,0,0,0,0,0,0,0,0,0,0,0,0,0,0,0,0,0,0,10],"bins":[0,3.75,7.5,11.25,15,18.75,22.5,26.25,30,33.75,37.5,41.25,45,48.75,52.5,56.25,60,63.75,67.5,71.25,75,78.75,82.5,86.25,90,93.75,97.5,101.25,105,108.75,112.5,116.25,120]},"test_precision":0.01,"val_f1":0.01818181818181818,"val_confusion_matrix":{"_type":"histogram","values":[90,0,0,0,0,0,0,0,0,0,0,0,0,0,0,0,0,0,0,0,0,0,0,0,0,0,0,0,0,0,0,10],"bins":[0,3.75,7.5,11.25,15,18.75,22.5,26.25,30,33.75,37.5,41.25,45,48.75,52.5,56.25,60,63.75,67.5,71.25,75,78.75,82.5,86.25,90,93.75,97.5,101.25,105,108.75,112.5,116.25,120]},"val_recall":0.1,"_runtime":202.62995223}