{"epoch":9,"test_confusion_matrix":{"_type":"histogram","values":[50,4,3,6,10,1,1,2,3,1,1,2,3,0,0,0,2,0,0,1,1,1,3,1,0,1,1,0,0,0,1,1],"bins":[0,2.3125,4.625,6.9375,9.25,11.5625,13.875,16.1875,18.5,20.8125,23.125,25.4375,27.75,30.0625,32.375,34.6875,37,39.3125,41.625,43.9375,46.25,48.5625,50.875,53.1875,55.5,57.8125,60.125,62.4375,64.75,67.0625,69.375,71.6875,74]},"run_id":"unpr1q7j","_step":9,"test_precision":0.39416214274284445,"validation_loss":2.0318065448305456,"train_acc":0.2218,"test_acc":0.2808333333333333,"_wandb":{"runtime":196},"test_recall":0.2808333333333334,"val_precision":0.30287500304939985,"val_f1":0.2435807175445389,"validation_acc":0.28,"test_f1":0.2748036292585487,"_runtime":196.734498345,"train_loss":2.13325490398407,"_timestamp":1.7323375708020055e+09,"val_recall":0.28,"val_confusion_matrix":{"bins":[0,3.21875,6.4375,9.65625,12.875,16.09375,19.3125,22.53125,25.75,28.96875,32.1875,35.40625,38.625,41.84375,45.0625,48.28125,51.5,54.71875,57.9375,61.15625,64.375,67.59375,70.8125,74.03125,77.25,80.46875,83.6875,86.90625,90.125,93.34375,96.5625,99.78125,103],"_type":"histogram","values":[49,5,6,12,5,1,4,0,3,4,0,1,2,1,1,0,0,2,3,0,0,0,0,0,0,0,0,0,0,0,0,1]}}