{"val_recall":0.25,"test_confusion_matrix":{"_type":"histogram","values":[43,4,8,5,9,3,4,1,2,5,0,0,1,4,4,0,1,0,1,1,0,0,0,0,0,2,0,0,1,0,0,1],"bins":[0,2.4375,4.875,7.3125,9.75,12.1875,14.625,17.0625,19.5,21.9375,24.375,26.8125,29.25,31.6875,34.125,36.5625,39,41.4375,43.875,46.3125,48.75,51.1875,53.625,56.0625,58.5,60.9375,63.375,65.8125,68.25,70.6875,73.125,75.5625,78]},"val_precision":0.2188413916416072,"test_precision":0.2733181326187483,"val_f1":0.21902827973983144,"validation_acc":0.25,"train_loss":2.059364963644229,"test_f1":0.26343257826743127,"validation_loss":1.9848963909367376,"epoch":9,"run_id":"yu40vlxy","_step":9,"_runtime":201.117404719,"_timestamp":1.732307742176354e+09,"_wandb":{"runtime":201},"val_confusion_matrix":{"bins":[0,2.75,5.5,8.25,11,13.75,16.5,19.25,22,24.75,27.5,30.25,33,35.75,38.5,41.25,44,46.75,49.5,52.25,55,57.75,60.5,63.25,66,68.75,71.5,74.25,77,79.75,82.5,85.25,88],"_type":"histogram","values":[46,4,5,3,6,3,7,6,4,2,3,0,2,1,5,0,0,0,1,0,0,0,0,0,0,0,1,0,0,0,0,1]},"test_acc":0.29833333333333334,"test_recall":0.29833333333333334,"train_acc":0.2356}