{"test_f1":0.5289057568843801,"val_recall":0.48666666666666664,"validation_loss":1.5224856107096032,"test_recall":0.5374999999999999,"_timestamp":1.7323705984925811e+09,"test_precision":0.5740061171724216,"val_f1":0.4712478619275105,"_wandb":{"runtime":336},"test_acc":0.5375,"validation_acc":0.4866666666666667,"run_id":"k4x8v48a","epoch":9,"train_acc":0.4276,"train_loss":1.6629900794029235,"test_confusion_matrix":{"_type":"histogram","values":[50,10,9,6,0,2,3,1,1,2,2,4,1,0,1,0,0,1,0,0,0,1,0,1,0,0,0,1,0,2,1,1],"bins":[0,2.78125,5.5625,8.34375,11.125,13.90625,16.6875,19.46875,22.25,25.03125,27.8125,30.59375,33.375,36.15625,38.9375,41.71875,44.5,47.28125,50.0625,52.84375,55.625,58.40625,61.1875,63.96875,66.75,69.53125,72.3125,75.09375,77.875,80.65625,83.4375,86.21875,89]},"_step":9,"_runtime":334.987883439,"val_confusion_matrix":{"bins":[0,3.0625,6.125,9.1875,12.25,15.3125,18.375,21.4375,24.5,27.5625,30.625,33.6875,36.75,39.8125,42.875,45.9375,49,52.0625,55.125,58.1875,61.25,64.3125,67.375,70.4375,73.5,76.5625,79.625,82.6875,85.75,88.8125,91.875,94.9375,98],"_type":"histogram","values":[50,9,8,6,5,4,1,1,1,3,1,0,0,0,1,3,2,0,0,1,0,0,0,1,1,0,0,0,1,0,0,1]},"val_precision":0.5161251766546828}