{"epoch":9,"_runtime":177.843789282,"val_confusion_matrix":{"values":[69,6,10,3,1,0,1,0,0,0,0,0,0,0,1,0,0,0,0,0,0,1,0,0,0,2,0,3,0,2,0,1],"bins":[0,3.71875,7.4375,11.15625,14.875,18.59375,22.3125,26.03125,29.75,33.46875,37.1875,40.90625,44.625,48.34375,52.0625,55.78125,59.5,63.21875,66.9375,70.65625,74.375,78.09375,81.8125,85.53125,89.25,92.96875,96.6875,100.40625,104.125,107.84375,111.5625,115.28125,119],"_type":"histogram"},"run_id":"st27sfur","train_loss":0.7701810549331617,"validation_loss":0.5911055062463008,"validation_acc":0.8108333333333333,"test_confusion_matrix":{"bins":[0,3.5625,7.125,10.6875,14.25,17.8125,21.375,24.9375,28.5,32.0625,35.625,39.1875,42.75,46.3125,49.875,53.4375,57,60.5625,64.125,67.6875,71.25,74.8125,78.375,81.9375,85.5,89.0625,92.625,96.1875,99.75,103.3125,106.875,110.4375,114],"_type":"histogram","values":[67,10,6,3,1,2,0,0,1,0,0,0,0,0,0,1,0,0,0,0,0,0,0,0,1,1,1,2,2,1,0,1]},"_timestamp":1.732332605099994e+09,"_step":9,"test_precision":0.8071844222351171,"val_f1":0.8058632603111343,"train_acc":0.7516,"test_recall":0.7866666666666667,"test_acc":0.7866666666666666,"test_f1":0.7850012593854282,"val_precision":0.8162584342041285,"_wandb":{"runtime":177},"val_recall":0.8108333333333333}