{"test_acc":0.6191666666666666,"epoch":9,"_step":9,"test_precision":0.6780326210363051,"val_precision":0.6575939237424169,"train_acc":0.5688,"val_confusion_matrix":{"values":[53,14,6,9,2,1,1,0,0,2,1,0,0,2,1,0,0,1,0,0,1,0,1,0,0,0,1,0,1,1,0,2],"bins":[0,3.21875,6.4375,9.65625,12.875,16.09375,19.3125,22.53125,25.75,28.96875,32.1875,35.40625,38.625,41.84375,45.0625,48.28125,51.5,54.71875,57.9375,61.15625,64.375,67.59375,70.8125,74.03125,77.25,80.46875,83.6875,86.90625,90.125,93.34375,96.5625,99.78125,103],"_type":"histogram"},"test_recall":0.6191666666666666,"train_loss":1.29547552921772,"_wandb":{"runtime":222},"val_f1":0.5847741112264142,"run_id":"58uvpi1l","validation_loss":1.2259550340511063,"_timestamp":1.7323092377785783e+09,"test_f1":0.613964159817366,"validation_acc":0.6025,"val_recall":0.6024999999999999,"_runtime":222.466888178,"test_confusion_matrix":{"_type":"histogram","values":[61,7,8,2,3,3,0,3,3,0,0,0,0,0,0,0,2,0,1,0,1,0,2,0,1,0,1,0,0,0,1,1],"bins":[0,3.375,6.75,10.125,13.5,16.875,20.25,23.625,27,30.375,33.75,37.125,40.5,43.875,47.25,50.625,54,57.375,60.75,64.125,67.5,70.875,74.25,77.625,81,84.375,87.75,91.125,94.5,97.875,101.25,104.625,108]}}