{"val_recall":0.25583333333333336,"epoch":9,"val_precision":0.24002166159461585,"validation_loss":1.9464848928898573,"val_confusion_matrix":{"values":[40,15,2,9,3,2,5,5,4,2,0,1,0,0,1,4,1,0,0,2,0,0,1,0,0,0,1,0,0,0,1,1],"bins":[0,2.5625,5.125,7.6875,10.25,12.8125,15.375,17.9375,20.5,23.0625,25.625,28.1875,30.75,33.3125,35.875,38.4375,41,43.5625,46.125,48.6875,51.25,53.8125,56.375,58.9375,61.5,64.0625,66.625,69.1875,71.75,74.3125,76.875,79.4375,82],"_type":"histogram"},"test_precision":0.2456378938145558,"_step":9,"val_f1":0.2063212649084749,"test_recall":0.31,"train_acc":0.2348,"run_id":"4adcr0h3","validation_acc":0.25583333333333336,"test_confusion_matrix":{"values":[57,4,3,8,3,1,6,0,3,3,1,0,3,0,1,1,2,1,0,1,0,1,0,0,0,0,0,0,0,0,0,1],"bins":[0,3.3125,6.625,9.9375,13.25,16.5625,19.875,23.1875,26.5,29.8125,33.125,36.4375,39.75,43.0625,46.375,49.6875,53,56.3125,59.625,62.9375,66.25,69.5625,72.875,76.1875,79.5,82.8125,86.125,89.4375,92.75,96.0625,99.375,102.6875,106],"_type":"histogram"},"train_loss":2.074023401394439,"_timestamp":1.7323278823495202e+09,"_wandb":{"runtime":188},"test_f1":0.25604992925438175,"_runtime":188.208044907,"test_acc":0.31}