{"test_precision":0.8578042072491101,"_step":9,"run_id":"zmh9d6ae","test_confusion_matrix":{"bins":[0,3.75,7.5,11.25,15,18.75,22.5,26.25,30,33.75,37.5,41.25,45,48.75,52.5,56.25,60,63.75,67.5,71.25,75,78.75,82.5,86.25,90,93.75,97.5,101.25,105,108.75,112.5,116.25,120],"_type":"histogram","values":[73,8,3,3,2,1,0,0,0,0,0,0,1,0,0,0,0,0,0,0,0,0,0,0,1,0,1,0,2,2,0,3]},"test_acc":0.8541666666666666,"validation_acc":0.8708333333333333,"validation_loss":0.526427576273488,"val_recall":0.8708333333333332,"_runtime":419.162813833,"train_acc":0.7934,"val_confusion_matrix":{"_type":"histogram","values":[76,5,6,0,1,1,1,0,0,0,0,0,0,0,0,0,0,0,0,0,0,0,0,1,2,1,1,0,0,2,0,3],"bins":[0,3.75,7.5,11.25,15,18.75,22.5,26.25,30,33.75,37.5,41.25,45,48.75,52.5,56.25,60,63.75,67.5,71.25,75,78.75,82.5,86.25,90,93.75,97.5,101.25,105,108.75,112.5,116.25,120]},"test_f1":0.8448728277964792,"_wandb":{"runtime":420},"test_recall":0.8541666666666666,"val_f1":0.8701734981315848,"_timestamp":1.732375094660542e+09,"epoch":9,"train_loss":0.6206235628664494,"val_precision":0.8794004599126541}