{"validation_loss":1.9202300142667568,"epoch":9,"run_id":"792mec5d","_step":9,"_timestamp":1.7323237694142869e+09,"val_confusion_matrix":{"_type":"histogram","values":[38,6,7,3,15,1,4,2,8,4,2,0,1,0,2,0,1,0,1,0,1,1,0,0,1,0,0,0,0,0,1,1],"bins":[0,2.46875,4.9375,7.40625,9.875,12.34375,14.8125,17.28125,19.75,22.21875,24.6875,27.15625,29.625,32.09375,34.5625,37.03125,39.5,41.96875,44.4375,46.90625,49.375,51.84375,54.3125,56.78125,59.25,61.71875,64.1875,66.65625,69.125,71.59375,74.0625,76.53125,79]},"_runtime":183.927768432,"test_acc":0.4216666666666667,"_wandb":{"runtime":183},"test_confusion_matrix":{"_type":"histogram","values":[47,5,8,13,3,4,3,1,1,3,3,0,1,1,1,0,0,1,1,1,0,0,0,0,0,0,1,0,0,1,0,1],"bins":[0,3.03125,6.0625,9.09375,12.125,15.15625,18.1875,21.21875,24.25,27.28125,30.3125,33.34375,36.375,39.40625,42.4375,45.46875,48.5,51.53125,54.5625,57.59375,60.625,63.65625,66.6875,69.71875,72.75,75.78125,78.8125,81.84375,84.875,87.90625,90.9375,93.96875,97]},"test_recall":0.4216666666666667,"val_precision":0.327979632416486,"validation_acc":0.34,"test_precision":0.44052266684350877,"train_acc":0.2996,"val_recall":0.33999999999999997,"val_f1":0.31912730876614354,"train_loss":1.9123206814383245,"test_f1":0.40602471641561955}