{"val_precision":0.46774395151981735,"test_acc":0.48583333333333334,"_runtime":319.730903596,"train_acc":0.464,"test_confusion_matrix":{"bins":[0,3.1875,6.375,9.5625,12.75,15.9375,19.125,22.3125,25.5,28.6875,31.875,35.0625,38.25,41.4375,44.625,47.8125,51,54.1875,57.375,60.5625,63.75,66.9375,70.125,73.3125,76.5,79.6875,82.875,86.0625,89.25,92.4375,95.625,98.8125,102],"_type":"histogram","values":[55,4,3,6,4,3,10,0,0,3,2,0,2,0,0,2,0,1,0,2,1,0,0,0,0,0,1,0,0,0,0,1]},"test_f1":0.4875051497706429,"val_recall":0.39499999999999996,"val_confusion_matrix":{"bins":[0,3.4375,6.875,10.3125,13.75,17.1875,20.625,24.0625,27.5,30.9375,34.375,37.8125,41.25,44.6875,48.125,51.5625,55,58.4375,61.875,65.3125,68.75,72.1875,75.625,79.0625,82.5,85.9375,89.375,92.8125,96.25,99.6875,103.125,106.5625,110],"_type":"histogram","values":[46,9,12,2,3,5,10,0,0,2,0,3,1,3,2,0,0,0,1,0,0,0,0,0,0,0,0,0,0,0,0,1]},"test_precision":0.5607031760150523,"validation_loss":1.8350065640649216,"train_loss":1.5366098548792586,"epoch":9,"validation_acc":0.395,"val_f1":0.3867879419771417,"test_recall":0.48583333333333323,"_timestamp":1.73237543709519e+09,"run_id":"wi1hi4el","_wandb":{"runtime":321},"_step":9}