{"val_confusion_matrix":{"values":[35,6,6,7,14,3,1,5,2,4,3,2,0,2,0,2,0,1,0,0,2,3,0,0,0,0,0,0,0,0,1,1],"bins":[0,2.28125,4.5625,6.84375,9.125,11.40625,13.6875,15.96875,18.25,20.53125,22.8125,25.09375,27.375,29.65625,31.9375,34.21875,36.5,38.78125,41.0625,43.34375,45.625,47.90625,50.1875,52.46875,54.75,57.03125,59.3125,61.59375,63.875,66.15625,68.4375,70.71875,73],"_type":"histogram"},"run_id":"p5wiq4b5","validation_loss":2.02313832009444,"_step":9,"val_f1":0.2715912817068589,"test_precision":0.4477907606493865,"train_loss":1.9821684732558622,"test_recall":0.38249999999999995,"_timestamp":1.7323304641999485e+09,"test_acc":0.3825,"_wandb":{"runtime":186},"test_f1":0.3612646154366296,"val_recall":0.28833333333333333,"train_acc":0.2804,"test_confusion_matrix":{"bins":[0,2.75,5.5,8.25,11,13.75,16.5,19.25,22,24.75,27.5,30.25,33,35.75,38.5,41.25,44,46.75,49.5,52.25,55,57.75,60.5,63.25,66,68.75,71.5,74.25,77,79.75,82.5,85.25,88],"_type":"histogram","values":[43,3,10,10,9,4,1,2,2,2,1,0,3,0,0,3,0,1,1,0,0,2,2,0,0,0,0,0,0,0,0,1]},"_runtime":186.516748317,"val_precision":0.3103654546777482,"epoch":9,"validation_acc":0.28833333333333333}