{"val_confusion_matrix":{"bins":[0,3.1875,6.375,9.5625,12.75,15.9375,19.125,22.3125,25.5,28.6875,31.875,35.0625,38.25,41.4375,44.625,47.8125,51,54.1875,57.375,60.5625,63.75,66.9375,70.125,73.3125,76.5,79.6875,82.875,86.0625,89.25,92.4375,95.625,98.8125,102],"_type":"histogram","values":[64,5,5,10,2,1,2,1,0,0,0,0,0,0,0,0,1,1,0,0,0,0,0,0,0,1,0,0,0,0,2,5]},"_step":9,"val_f1":0.7371222509631057,"run_id":"ws40rb51","validation_loss":0.9224136862725573,"epoch":9,"val_recall":0.7391666666666666,"train_acc":0.6146,"validation_acc":0.7391666666666666,"test_recall":0.8066666666666666,"_timestamp":1.7323369917494738e+09,"test_acc":0.8066666666666666,"test_precision":0.825098785148057,"test_f1":0.8053715680292136,"val_precision":0.768168119242048,"train_loss":1.154352117037773,"test_confusion_matrix":{"values":[69,7,8,1,2,2,0,1,0,0,0,0,0,0,0,0,0,0,1,0,0,0,0,1,0,0,0,1,0,2,3,2],"bins":[0,3.40625,6.8125,10.21875,13.625,17.03125,20.4375,23.84375,27.25,30.65625,34.0625,37.46875,40.875,44.28125,47.6875,51.09375,54.5,57.90625,61.3125,64.71875,68.125,71.53125,74.9375,78.34375,81.75,85.15625,88.5625,91.96875,95.375,98.78125,102.1875,105.59375,109],"_type":"histogram"},"_wandb":{"runtime":187},"_runtime":187.089572561}