{"train_loss":0.7943198454530933,"validation_acc":0.8191666666666667,"test_confusion_matrix":{"values":[69,7,10,2,1,1,0,0,0,0,0,0,0,0,0,0,0,0,0,0,0,0,0,0,0,1,0,1,3,3,0,2],"bins":[0,3.4375,6.875,10.3125,13.75,17.1875,20.625,24.0625,27.5,30.9375,34.375,37.8125,41.25,44.6875,48.125,51.5625,55,58.4375,61.875,65.3125,68.75,72.1875,75.625,79.0625,82.5,85.9375,89.375,92.8125,96.25,99.6875,103.125,106.5625,110],"_type":"histogram"},"_timestamp":1.7323138119380324e+09,"validation_loss":0.615918826857863,"val_confusion_matrix":{"bins":[0,3.4375,6.875,10.3125,13.75,17.1875,20.625,24.0625,27.5,30.9375,34.375,37.8125,41.25,44.6875,48.125,51.5625,55,58.4375,61.875,65.3125,68.75,72.1875,75.625,79.0625,82.5,85.9375,89.375,92.8125,96.25,99.6875,103.125,106.5625,110],"_type":"histogram","values":[68,8,8,2,2,1,1,0,0,0,0,0,0,0,0,0,0,0,0,0,0,0,1,0,0,1,1,0,2,1,1,3]},"run_id":"2n63fp5j","_wandb":{"runtime":195},"test_precision":0.8527113495267823,"epoch":9,"test_f1":0.837769082692956,"test_recall":0.8333333333333333,"val_f1":0.8223732673832499,"val_precision":0.8361862318093826,"train_acc":0.7492,"_runtime":195.675575615,"test_acc":0.8333333333333334,"_step":9,"val_recall":0.8191666666666666}