{"train_acc":0.1692,"_wandb":{"runtime":193},"test_recall":0.215,"test_precision":0.19779964761269828,"train_loss":2.194904539871216,"validation_acc":0.12166666666666667,"run_id":"jo3devvx","_step":9,"val_precision":0.1100440684206323,"_runtime":193.708779963,"val_recall":0.12166666666666667,"_timestamp":1.7323319996847153e+09,"test_acc":0.215,"test_f1":0.17894526278727568,"epoch":9,"val_confusion_matrix":{"bins":[0,2.03125,4.0625,6.09375,8.125,10.15625,12.1875,14.21875,16.25,18.28125,20.3125,22.34375,24.375,26.40625,28.4375,30.46875,32.5,34.53125,36.5625,38.59375,40.625,42.65625,44.6875,46.71875,48.75,50.78125,52.8125,54.84375,56.875,58.90625,60.9375,62.96875,65],"_type":"histogram","values":[40,7,6,4,7,5,1,3,0,2,2,4,2,1,3,1,1,1,1,0,3,2,0,0,1,0,1,0,0,0,1,1]},"validation_loss":2.2880527114868165,"test_confusion_matrix":{"_type":"histogram","values":[49,6,2,8,2,6,6,4,1,2,2,1,0,1,1,0,1,2,2,1,0,1,0,1,0,0,0,0,0,0,0,1],"bins":[0,2.78125,5.5625,8.34375,11.125,13.90625,16.6875,19.46875,22.25,25.03125,27.8125,30.59375,33.375,36.15625,38.9375,41.71875,44.5,47.28125,50.0625,52.84375,55.625,58.40625,61.1875,63.96875,66.75,69.53125,72.3125,75.09375,77.875,80.65625,83.4375,86.21875,89]},"val_f1":0.10179244169951104}