{"val_f1":0.8228360365752165,"val_recall":0.8225,"val_precision":0.8351289857293939,"validation_loss":0.6855185807016217,"test_acc":0.8208333333333333,"run_id":"lluaf2hi","train_acc":0.7106,"train_loss":0.912415463713151,"_runtime":185.868032533,"epoch":9,"val_confusion_matrix":{"_type":"histogram","values":[69,8,10,2,0,0,1,0,0,0,0,0,0,0,0,0,0,0,0,0,0,0,0,2,1,2,2,0,1,0,1,1],"bins":[0,3.71875,7.4375,11.15625,14.875,18.59375,22.3125,26.03125,29.75,33.46875,37.1875,40.90625,44.625,48.34375,52.0625,55.78125,59.5,63.21875,66.9375,70.65625,74.375,78.09375,81.8125,85.53125,89.25,92.96875,96.6875,100.40625,104.125,107.84375,111.5625,115.28125,119]},"test_f1":0.8219519112199984,"validation_acc":0.8225,"test_recall":0.8208333333333334,"test_precision":0.8318198138479678,"_step":9,"_timestamp":1.7323298474420898e+09,"_wandb":{"runtime":185},"test_confusion_matrix":{"_type":"histogram","values":[73,5,9,0,1,1,0,0,1,0,0,0,0,0,0,0,0,0,0,0,0,0,0,2,3,1,1,0,1,1,0,1],"bins":[0,3.75,7.5,11.25,15,18.75,22.5,26.25,30,33.75,37.5,41.25,45,48.75,52.5,56.25,60,63.75,67.5,71.25,75,78.75,82.5,86.25,90,93.75,97.5,101.25,105,108.75,112.5,116.25,120]}}