{"train_acc":0.2354,"_runtime":192.786551181,"val_f1":0.21645546080887076,"val_confusion_matrix":{"bins":[0,2.125,4.25,6.375,8.5,10.625,12.75,14.875,17,19.125,21.25,23.375,25.5,27.625,29.75,31.875,34,36.125,38.25,40.375,42.5,44.625,46.75,48.875,51,53.125,55.25,57.375,59.5,61.625,63.75,65.875,68],"_type":"histogram","values":[45,5,2,2,7,5,1,3,2,5,1,2,2,2,6,1,3,1,1,0,1,0,0,0,0,0,0,0,0,1,0,2]},"train_loss":2.093372068587382,"test_precision":0.42954756241344727,"epoch":9,"val_precision":0.21178686243799424,"run_id":"h5q4ws4h","_wandb":{"runtime":192},"_timestamp":1.732308143151759e+09,"test_recall":0.33999999999999997,"validation_acc":0.24166666666666667,"val_recall":0.24166666666666664,"validation_loss":2.0440279414753117,"test_acc":0.34,"test_confusion_matrix":{"bins":[0,2.65625,5.3125,7.96875,10.625,13.28125,15.9375,18.59375,21.25,23.90625,26.5625,29.21875,31.875,34.53125,37.1875,39.84375,42.5,45.15625,47.8125,50.46875,53.125,55.78125,58.4375,61.09375,63.75,66.40625,69.0625,71.71875,74.375,77.03125,79.6875,82.34375,85],"_type":"histogram","values":[48,5,3,13,1,0,5,3,1,3,2,3,3,3,1,0,0,1,2,0,0,1,0,0,0,0,0,0,1,0,0,1]},"test_f1":0.32776262150733765,"_step":9}