{"validation_loss":0.9857717529634101,"_timestamp":1.7323264937163506e+09,"val_confusion_matrix":{"values":[62,7,9,3,3,1,2,3,0,0,0,0,1,0,1,0,1,0,0,1,1,0,1,0,0,1,1,1,0,0,0,1],"bins":[0,3.71875,7.4375,11.15625,14.875,18.59375,22.3125,26.03125,29.75,33.46875,37.1875,40.90625,44.625,48.34375,52.0625,55.78125,59.5,63.21875,66.9375,70.65625,74.375,78.09375,81.8125,85.53125,89.25,92.96875,96.6875,100.40625,104.125,107.84375,111.5625,115.28125,119],"_type":"histogram"},"_step":9,"val_f1":0.6729803273348118,"test_acc":0.7666666666666667,"train_loss":0.8112329682217368,"run_id":"l3qebi9f","_wandb":{"runtime":176},"test_confusion_matrix":{"bins":[0,3.625,7.25,10.875,14.5,18.125,21.75,25.375,29,32.625,36.25,39.875,43.5,47.125,50.75,54.375,58,61.625,65.25,68.875,72.5,76.125,79.75,83.375,87,90.625,94.25,97.875,101.5,105.125,108.75,112.375,116],"_type":"histogram","values":[70,6,6,2,3,1,0,0,1,0,1,0,0,0,1,1,0,0,0,0,1,0,0,1,0,0,1,1,0,0,1,3]},"train_acc":0.7448,"val_recall":0.6775000000000001,"validation_acc":0.6775,"test_f1":0.7623873607201966,"test_precision":0.8213922783957879,"_runtime":176.864639486,"test_recall":0.7666666666666666,"epoch":9,"val_precision":0.7355386428574816}