{"_runtime":296.899638823,"val_precision":0.32333675946123824,"val_f1":0.2887625785341681,"test_recall":0.3991666666666666,"validation_acc":0.30416666666666664,"train_loss":1.6616206636911706,"test_acc":0.39916666666666667,"train_acc":0.4296,"_timestamp":1.7323724701616893e+09,"validation_loss":2.499214927032007,"val_recall":0.30416666666666664,"_wandb":{"runtime":298},"test_f1":0.3799023480706102,"run_id":"pznspfy4","val_confusion_matrix":{"values":[44,4,3,1,11,3,3,2,2,8,0,0,1,5,4,1,0,0,2,0,1,0,0,1,1,0,0,0,2,0,0,1],"bins":[0,2.125,4.25,6.375,8.5,10.625,12.75,14.875,17,19.125,21.25,23.375,25.5,27.625,29.75,31.875,34,36.125,38.25,40.375,42.5,44.625,46.75,48.875,51,53.125,55.25,57.375,59.5,61.625,63.75,65.875,68],"_type":"histogram"},"epoch":9,"_step":9,"test_precision":0.44802950174136924,"test_confusion_matrix":{"bins":[0,2.96875,5.9375,8.90625,11.875,14.84375,17.8125,20.78125,23.75,26.71875,29.6875,32.65625,35.625,38.59375,41.5625,44.53125,47.5,50.46875,53.4375,56.40625,59.375,62.34375,65.3125,68.28125,71.25,74.21875,77.1875,80.15625,83.125,86.09375,89.0625,92.03125,95],"_type":"histogram","values":[44,9,3,12,4,5,8,0,2,2,0,0,1,3,0,1,1,0,0,0,1,0,1,1,0,0,1,0,0,0,0,1]}}