{"validation_acc":0.6941666666666667,"validation_loss":0.863596117747511,"test_acc":0.7308333333333333,"_runtime":187.991240679,"run_id":"bt7mof9s","epoch":9,"test_f1":0.733961184541003,"val_f1":0.692787226280665,"train_loss":1.1891401469136198,"val_recall":0.6941666666666666,"test_precision":0.7725646478926027,"train_acc":0.6036,"_timestamp":1.7323261066958976e+09,"test_recall":0.7308333333333333,"_wandb":{"runtime":188},"val_confusion_matrix":{"_type":"histogram","values":[57,8,7,11,2,2,2,1,0,0,0,0,0,1,0,0,0,0,0,0,1,0,0,0,2,0,0,3,0,0,2,1],"bins":[0,3.21875,6.4375,9.65625,12.875,16.09375,19.3125,22.53125,25.75,28.96875,32.1875,35.40625,38.625,41.84375,45.0625,48.28125,51.5,54.71875,57.9375,61.15625,64.375,67.59375,70.8125,74.03125,77.25,80.46875,83.6875,86.90625,90.125,93.34375,96.5625,99.78125,103]},"val_precision":0.7075248331873194,"_step":9,"test_confusion_matrix":{"bins":[0,3.34375,6.6875,10.03125,13.375,16.71875,20.0625,23.40625,26.75,30.09375,33.4375,36.78125,40.125,43.46875,46.8125,50.15625,53.5,56.84375,60.1875,63.53125,66.875,70.21875,73.5625,76.90625,80.25,83.59375,86.9375,90.28125,93.625,96.96875,100.3125,103.65625,107],"_type":"histogram","values":[63,8,9,4,0,2,1,2,0,0,1,0,0,0,0,0,0,0,0,1,1,0,0,2,1,0,0,0,0,3,0,2]}}