{"val_recall":0.1,"_runtime":475.403809649,"val_f1":0.01818181818181818,"validation_loss":0,"_timestamp":1.7323053060033028e+09,"val_confusion_matrix":{"bins":[0,3.75,7.5,11.25,15,18.75,22.5,26.25,30,33.75,37.5,41.25,45,48.75,52.5,56.25,60,63.75,67.5,71.25,75,78.75,82.5,86.25,90,93.75,97.5,101.25,105,108.75,112.5,116.25,120],"_type":"histogram","values":[90,0,0,0,0,0,0,0,0,0,0,0,0,0,0,0,0,0,0,0,0,0,0,0,0,0,0,0,0,0,0,10]},"_step":4,"test_recall":0.1,"validation_acc":0.1,"train_acc":1.6,"test_f1":0.01818181818181818,"val_precision":0.01,"test_precision":0.01,"run_id":"vsyepv9c","train_loss":0,"test_confusion_matrix":{"values":[90,0,0,0,0,0,0,0,0,0,0,0,0,0,0,0,0,0,0,0,0,0,0,0,0,0,0,0,0,0,0,10],"bins":[0,3.75,7.5,11.25,15,18.75,22.5,26.25,30,33.75,37.5,41.25,45,48.75,52.5,56.25,60,63.75,67.5,71.25,75,78.75,82.5,86.25,90,93.75,97.5,101.25,105,108.75,112.5,116.25,120],"_type":"histogram"},"_wandb":{"runtime":478},"test_acc":0.1,"epoch":4}